analysis_type,step_name,substep_name,rep,nr_removed_rules,time
tgf_v19,tgf_v19,1_initialization,1,0,0.041038
tgf_v19,tgf_v19,2_initial_state,1,0,0.000805
tgf_v19,tgf_v19,3_fixpoint,1,0,0.042819
tgf_v19,tgf_v19,1_initialization,2,0,0.032084
tgf_v19,tgf_v19,2_initial_state,2,0,0.000694
tgf_v19,tgf_v19,3_fixpoint,2,0,0.040775
tgf_v19,tgf_v19,1_initialization,3,0,0.032036
tgf_v19,tgf_v19,2_initial_state,3,0,0.000722
tgf_v19,tgf_v19,3_fixpoint,3,0,0.040515
tgf_v19,tgf_v19,1_initialization,4,0,0.031547
tgf_v19,tgf_v19,2_initial_state,4,0,0.000693
tgf_v19,tgf_v19,3_fixpoint,4,0,0.039649
tgf_v19,tgf_v19,1_initialization,5,0,0.03198
tgf_v19,tgf_v19,2_initial_state,5,0,0.000715
tgf_v19,tgf_v19,3_fixpoint,5,0,0.040033
tgf_v19,tgf_v19,1_initialization,6,0,0.03181
tgf_v19,tgf_v19,2_initial_state,6,0,0.000711
tgf_v19,tgf_v19,3_fixpoint,6,0,0.041711
tgf_v19,tgf_v19,1_initialization,7,0,0.032236
tgf_v19,tgf_v19,2_initial_state,7,0,0.000755
tgf_v19,tgf_v19,3_fixpoint,7,0,0.040497
tgf_v19,tgf_v19,1_initialization,8,0,0.031435
tgf_v19,tgf_v19,2_initial_state,8,0,0.000743
tgf_v19,tgf_v19,3_fixpoint,8,0,0.040497
tgf_v19,tgf_v19,1_initialization,9,0,0.032106
tgf_v19,tgf_v19,2_initial_state,9,0,0.000741
tgf_v19,tgf_v19,3_fixpoint,9,0,0.041189
tgf_v19,tgf_v19,1_initialization,10,0,0.03153
tgf_v19,tgf_v19,2_initial_state,10,0,0.0007
tgf_v19,tgf_v19,3_fixpoint,10,0,0.040891
tgf_v19,tgf_v19,1_initialization,1,10,0.031973
tgf_v19,tgf_v19,2_initial_state,1,10,0.000735
tgf_v19,tgf_v19,3_fixpoint,1,10,0.07972
tgf_v19,tgf_v19,1_initialization,2,10,0.031625
tgf_v19,tgf_v19,2_initial_state,2,10,0.000689
tgf_v19,tgf_v19,3_fixpoint,2,10,0.091839
tgf_v19,tgf_v19,1_initialization,3,10,0.031922
tgf_v19,tgf_v19,2_initial_state,3,10,0.000714
tgf_v19,tgf_v19,3_fixpoint,3,10,0.07413
tgf_v19,tgf_v19,1_initialization,4,10,0.031767
tgf_v19,tgf_v19,2_initial_state,4,10,0.000691
tgf_v19,tgf_v19,3_fixpoint,4,10,0.087894
tgf_v19,tgf_v19,1_initialization,5,10,0.031564
tgf_v19,tgf_v19,2_initial_state,5,10,0.000696
tgf_v19,tgf_v19,3_fixpoint,5,10,0.073351
tgf_v19,tgf_v19,1_initialization,6,10,0.031954
tgf_v19,tgf_v19,2_initial_state,6,10,0.000691
tgf_v19,tgf_v19,3_fixpoint,6,10,0.055455
tgf_v19,tgf_v19,1_initialization,7,10,0.031628
tgf_v19,tgf_v19,2_initial_state,7,10,0.0007
tgf_v19,tgf_v19,3_fixpoint,7,10,0.069702
tgf_v19,tgf_v19,1_initialization,8,10,0.032206
tgf_v19,tgf_v19,2_initial_state,8,10,0.000718
tgf_v19,tgf_v19,3_fixpoint,8,10,0.058689
tgf_v19,tgf_v19,1_initialization,9,10,0.031744
tgf_v19,tgf_v19,2_initial_state,9,10,0.000695
tgf_v19,tgf_v19,3_fixpoint,9,10,0.082999
tgf_v19,tgf_v19,1_initialization,10,10,0.032564
tgf_v19,tgf_v19,2_initial_state,10,10,0.000705
tgf_v19,tgf_v19,3_fixpoint,10,10,0.069409
tgf_v19,tgf_v19,1_initialization,1,20,0.032541
tgf_v19,tgf_v19,2_initial_state,1,20,0.000706
tgf_v19,tgf_v19,3_fixpoint,1,20,0.106705
tgf_v19,tgf_v19,1_initialization,2,20,0.031853
tgf_v19,tgf_v19,2_initial_state,2,20,0.000662
tgf_v19,tgf_v19,3_fixpoint,2,20,0.13456
tgf_v19,tgf_v19,1_initialization,3,20,0.032058
tgf_v19,tgf_v19,2_initial_state,3,20,0.000694
tgf_v19,tgf_v19,3_fixpoint,3,20,0.128202
tgf_v19,tgf_v19,1_initialization,4,20,0.031539
tgf_v19,tgf_v19,2_initial_state,4,20,0.000675
tgf_v19,tgf_v19,3_fixpoint,4,20,0.16057
tgf_v19,tgf_v19,1_initialization,5,20,0.031727
tgf_v19,tgf_v19,2_initial_state,5,20,0.000687
tgf_v19,tgf_v19,3_fixpoint,5,20,0.133512
tgf_v19,tgf_v19,1_initialization,6,20,0.032946
tgf_v19,tgf_v19,2_initial_state,6,20,0.000695
tgf_v19,tgf_v19,3_fixpoint,6,20,0.103461
tgf_v19,tgf_v19,1_initialization,7,20,0.032403
tgf_v19,tgf_v19,2_initial_state,7,20,0.000684
tgf_v19,tgf_v19,3_fixpoint,7,20,0.127943
tgf_v19,tgf_v19,1_initialization,8,20,0.031847
tgf_v19,tgf_v19,2_initial_state,8,20,0.000681
tgf_v19,tgf_v19,3_fixpoint,8,20,0.138802
tgf_v19,tgf_v19,1_initialization,9,20,0.032049
tgf_v19,tgf_v19,2_initial_state,9,20,0.00068
tgf_v19,tgf_v19,3_fixpoint,9,20,0.211983
tgf_v19,tgf_v19,1_initialization,10,20,0.032306
tgf_v19,tgf_v19,2_initial_state,10,20,0.000686
tgf_v19,tgf_v19,3_fixpoint,10,20,0.138026
tgf_v19,tgf_v19,1_initialization,1,30,0.033133
tgf_v19,tgf_v19,2_initial_state,1,30,0.000663
tgf_v19,tgf_v19,3_fixpoint,1,30,0.166809
tgf_v19,tgf_v19,1_initialization,2,30,0.032608
tgf_v19,tgf_v19,2_initial_state,2,30,0.000642
tgf_v19,tgf_v19,3_fixpoint,2,30,0.548781
tgf_v19,tgf_v19,1_initialization,3,30,0.032762
tgf_v19,tgf_v19,2_initial_state,3,30,0.000676
tgf_v19,tgf_v19,3_fixpoint,3,30,0.251882
tgf_v19,tgf_v19,1_initialization,4,30,0.032989
tgf_v19,tgf_v19,2_initial_state,4,30,0.00065
tgf_v19,tgf_v19,3_fixpoint,4,30,0.794116
tgf_v19,tgf_v19,1_initialization,5,30,0.032452
tgf_v19,tgf_v19,2_initial_state,5,30,0.000689
tgf_v19,tgf_v19,3_fixpoint,5,30,0.357422
tgf_v19,tgf_v19,1_initialization,6,30,0.03272
tgf_v19,tgf_v19,2_initial_state,6,30,0.000655
tgf_v19,tgf_v19,3_fixpoint,6,30,0.358894
tgf_v19,tgf_v19,1_initialization,7,30,0.032666
tgf_v19,tgf_v19,2_initial_state,7,30,0.00066
tgf_v19,tgf_v19,3_fixpoint,7,30,0.841046
tgf_v19,tgf_v19,1_initialization,8,30,0.032536
tgf_v19,tgf_v19,2_initial_state,8,30,0.000656
tgf_v19,tgf_v19,3_fixpoint,8,30,0.329633
tgf_v19,tgf_v19,1_initialization,9,30,0.033207
tgf_v19,tgf_v19,2_initial_state,9,30,0.000669
tgf_v19,tgf_v19,3_fixpoint,9,30,0.621803
tgf_v19,tgf_v19,1_initialization,10,30,0.033495
tgf_v19,tgf_v19,2_initial_state,10,30,0.000677
tgf_v19,tgf_v19,3_fixpoint,10,30,0.309425
tgf_v19,tgf_v19,1_initialization,1,40,0.033413
tgf_v19,tgf_v19,2_initial_state,1,40,0.000692
tgf_v19,tgf_v19,3_fixpoint,1,40,0.868245
tgf_v19,tgf_v19,1_initialization,2,40,0.033322
tgf_v19,tgf_v19,2_initial_state,2,40,0.000683
tgf_v19,tgf_v19,3_fixpoint,2,40,2.245633
tgf_v19,tgf_v19,1_initialization,3,40,0.032814
tgf_v19,tgf_v19,2_initial_state,3,40,0.000683
tgf_v19,tgf_v19,3_fixpoint,3,40,0.31256
tgf_v19,tgf_v19,1_initialization,4,40,0.033445
tgf_v19,tgf_v19,2_initial_state,4,40,0.000692
tgf_v19,tgf_v19,3_fixpoint,4,40,0.794574
tgf_v19,tgf_v19,1_initialization,5,40,0.032774
tgf_v19,tgf_v19,2_initial_state,5,40,0.000659
tgf_v19,tgf_v19,3_fixpoint,5,40,0.687873
tgf_v19,tgf_v19,1_initialization,6,40,0.032741
tgf_v19,tgf_v19,2_initial_state,6,40,0.000679
tgf_v19,tgf_v19,3_fixpoint,6,40,0.698765
tgf_v19,tgf_v19,1_initialization,7,40,0.032515
tgf_v19,tgf_v19,2_initial_state,7,40,0.000719
tgf_v19,tgf_v19,3_fixpoint,7,40,0.514762
tgf_v19,tgf_v19,1_initialization,8,40,0.033286
tgf_v19,tgf_v19,2_initial_state,8,40,0.000691
tgf_v19,tgf_v19,3_fixpoint,8,40,0.300384
tgf_v19,tgf_v19,1_initialization,9,40,0.03328
tgf_v19,tgf_v19,2_initial_state,9,40,0.000692
tgf_v19,tgf_v19,3_fixpoint,9,40,0.388686
tgf_v19,tgf_v19,1_initialization,10,40,0.033259
tgf_v19,tgf_v19,2_initial_state,10,40,0.000679
tgf_v19,tgf_v19,3_fixpoint,10,40,0.701517
tgf_v19,tgf_v19,1_initialization,1,50,0.033374
tgf_v19,tgf_v19,2_initial_state,1,50,0.000677
tgf_v19,tgf_v19,3_fixpoint,1,50,2.049896
tgf_v19,tgf_v19,1_initialization,2,50,0.033449
tgf_v19,tgf_v19,2_initial_state,2,50,0.000691
tgf_v19,tgf_v19,3_fixpoint,2,50,1.434367
tgf_v19,tgf_v19,1_initialization,3,50,0.033767
tgf_v19,tgf_v19,2_initial_state,3,50,0.000698
tgf_v19,tgf_v19,3_fixpoint,3,50,2.424093
tgf_v19,tgf_v19,1_initialization,4,50,0.034271
tgf_v19,tgf_v19,2_initial_state,4,50,0.000683
tgf_v19,tgf_v19,3_fixpoint,4,50,1.851473
tgf_v19,tgf_v19,1_initialization,5,50,0.033639
tgf_v19,tgf_v19,2_initial_state,5,50,0.000692
tgf_v19,tgf_v19,3_fixpoint,5,50,1.709748
tgf_v19,tgf_v19,1_initialization,6,50,0.034223
tgf_v19,tgf_v19,2_initial_state,6,50,0.000692
tgf_v19,tgf_v19,3_fixpoint,6,50,2.308487
tgf_v19,tgf_v19,1_initialization,7,50,0.033838
tgf_v19,tgf_v19,2_initial_state,7,50,0.000707
tgf_v19,tgf_v19,3_fixpoint,7,50,1.226829
tgf_v19,tgf_v19,1_initialization,8,50,0.03592
tgf_v19,tgf_v19,2_initial_state,8,50,0.000683
tgf_v19,tgf_v19,3_fixpoint,8,50,4.412315
tgf_v19,tgf_v19,1_initialization,9,50,0.033905
tgf_v19,tgf_v19,2_initial_state,9,50,0.000682
tgf_v19,tgf_v19,3_fixpoint,9,50,0.543079
tgf_v19,tgf_v19,1_initialization,10,50,0.034067
tgf_v19,tgf_v19,2_initial_state,10,50,0.000694
tgf_v19,tgf_v19,3_fixpoint,10,50,1.935981
tgf_v19,tgf_v19,1_initialization,1,60,0.034268
tgf_v19,tgf_v19,2_initial_state,1,60,0.000679
tgf_v19,tgf_v19,3_fixpoint,1,60,2.177991
tgf_v19,tgf_v19,1_initialization,2,60,0.033911
tgf_v19,tgf_v19,2_initial_state,2,60,0.000691
tgf_v19,tgf_v19,3_fixpoint,2,60,11.710572
tgf_v19,tgf_v19,1_initialization,3,60,0.034678
tgf_v19,tgf_v19,2_initial_state,3,60,0.000711
tgf_v19,tgf_v19,3_fixpoint,3,60,8.3017
tgf_v19,tgf_v19,1_initialization,4,60,0.034246
tgf_v19,tgf_v19,2_initial_state,4,60,0.000705
tgf_v19,tgf_v19,3_fixpoint,4,60,1.375486
tgf_v19,tgf_v19,1_initialization,5,60,0.034875
tgf_v19,tgf_v19,2_initial_state,5,60,0.000705
tgf_v19,tgf_v19,3_fixpoint,5,60,42.701335
tgf_v19,tgf_v19,1_initialization,6,60,0.034609
tgf_v19,tgf_v19,2_initial_state,6,60,0.000686
tgf_v19,tgf_v19,3_fixpoint,6,60,19.947613
tgf_v19,tgf_v19,1_initialization,7,60,0.034729
tgf_v19,tgf_v19,2_initial_state,7,60,0.000686
tgf_v19,tgf_v19,3_fixpoint,7,60,3.715319
tgf_v19,tgf_v19,1_initialization,8,60,0.034426
tgf_v19,tgf_v19,2_initial_state,8,60,0.000684
tgf_v19,tgf_v19,3_fixpoint,8,60,2.320368
tgf_v19,tgf_v19,1_initialization,9,60,0.035034
tgf_v19,tgf_v19,2_initial_state,9,60,0.000695
tgf_v19,tgf_v19,3_fixpoint,9,60,7.683808
tgf_v19,tgf_v19,1_initialization,10,60,0.03477
tgf_v19,tgf_v19,2_initial_state,10,60,0.000717
tgf_v19,tgf_v19,3_fixpoint,10,60,13.00321
tgf_v19,tgf_v19,1_initialization,1,70,0.034988
tgf_v19,tgf_v19,2_initial_state,1,70,0.000718
tgf_v19,tgf_v19,3_fixpoint,1,70,22.409607
tgf_v19,tgf_v19,1_initialization,2,70,0.034917
tgf_v19,tgf_v19,2_initial_state,2,70,0.000693
tgf_v19,tgf_v19,3_fixpoint,2,70,1.341607
tgf_v19,tgf_v19,1_initialization,3,70,0.03485
tgf_v19,tgf_v19,2_initial_state,3,70,0.000697
tgf_v19,tgf_v19,3_fixpoint,3,70,26.85465
tgf_v19,tgf_v19,1_initialization,4,70,0.035196
tgf_v19,tgf_v19,2_initial_state,4,70,0.000701
tgf_v19,tgf_v19,1_initialization,5,70,0.036307
tgf_v19,tgf_v19,2_initial_state,5,70,0.000754
tgf_v19,tgf_v19,3_fixpoint,5,70,2.241303
tgf_v19,tgf_v19,1_initialization,6,70,0.035136
tgf_v19,tgf_v19,2_initial_state,6,70,0.000727
tgf_v19,tgf_v19,3_fixpoint,6,70,17.648958
tgf_v19,tgf_v19,1_initialization,7,70,0.036014
tgf_v19,tgf_v19,2_initial_state,7,70,0.000814
tgf_v19,tgf_v19,3_fixpoint,7,70,6.334067
tgf_v19,tgf_v19,1_initialization,8,70,0.035132
tgf_v19,tgf_v19,2_initial_state,8,70,0.000814
tgf_v19,tgf_v19,3_fixpoint,8,70,5.120643
tgf_v19,tgf_v19,1_initialization,9,70,0.035311
tgf_v19,tgf_v19,2_initial_state,9,70,0.000701
tgf_v19,tgf_v19,3_fixpoint,9,70,8.385717
tgf_v19,tgf_v19,1_initialization,10,70,0.034977
tgf_v19,tgf_v19,2_initial_state,10,70,0.000723
tgf_v19,tgf_v19,3_fixpoint,10,70,17.389403
tgf_v19,tgf_v19,1_initialization,1,80,0.036034
tgf_v19,tgf_v19,2_initial_state,1,80,0.000739
tgf_v19,tgf_v19,3_fixpoint,1,80,4.820374
tgf_v19,tgf_v19,1_initialization,2,80,0.03532
tgf_v19,tgf_v19,2_initial_state,2,80,0.000711
tgf_v19,tgf_v19,3_fixpoint,2,80,5.862333
tgf_v19,tgf_v19,1_initialization,3,80,0.034919
tgf_v19,tgf_v19,2_initial_state,3,80,0.0007
tgf_v19,tgf_v19,1_initialization,4,80,0.037688
tgf_v19,tgf_v19,2_initial_state,4,80,0.000874
tgf_v19,tgf_v19,3_fixpoint,4,80,51.719607
tgf_v19,tgf_v19,1_initialization,5,80,0.039053
tgf_v19,tgf_v19,2_initial_state,5,80,0.000782
tgf_v19,tgf_v19,1_initialization,6,80,0.039312
tgf_v19,tgf_v19,2_initial_state,6,80,0.00082
tgf_v19,tgf_v19,3_fixpoint,6,80,34.053381
tgf_v19,tgf_v19,1_initialization,7,80,0.039472
tgf_v19,tgf_v19,2_initial_state,7,80,0.000805
tgf_v19,tgf_v19,3_fixpoint,7,80,29.492611
tgf_v19,tgf_v19,1_initialization,8,80,0.039216
tgf_v19,tgf_v19,2_initial_state,8,80,0.000813
tgf_v19,tgf_v19,1_initialization,9,80,0.03709
tgf_v19,tgf_v19,2_initial_state,9,80,0.000796
tgf_v19,tgf_v19,3_fixpoint,9,80,7.842296
tgf_v19,tgf_v19,1_initialization,10,80,0.040101
tgf_v19,tgf_v19,2_initial_state,10,80,0.000835
tgf_v19,tgf_v19,3_fixpoint,10,80,10.222104
tgf_20180419,tgf_20180419,1_initialization,1,0,0.110826
tgf_20180419,tgf_20180419,2_initial_state,1,0,0.001392
tgf_20180419,tgf_20180419,3_fixpoint,1,0,0.122178
tgf_20180419,tgf_20180419,1_initialization,2,0,0.111047
tgf_20180419,tgf_20180419,2_initial_state,2,0,0.001354
tgf_20180419,tgf_20180419,3_fixpoint,2,0,0.119688
tgf_20180419,tgf_20180419,1_initialization,3,0,0.110372
tgf_20180419,tgf_20180419,2_initial_state,3,0,0.001426
tgf_20180419,tgf_20180419,3_fixpoint,3,0,0.119615
tgf_20180419,tgf_20180419,1_initialization,4,0,0.109814
tgf_20180419,tgf_20180419,2_initial_state,4,0,0.001346
tgf_20180419,tgf_20180419,3_fixpoint,4,0,0.12106
tgf_20180419,tgf_20180419,1_initialization,5,0,0.109817
tgf_20180419,tgf_20180419,2_initial_state,5,0,0.001312
tgf_20180419,tgf_20180419,3_fixpoint,5,0,0.121337
tgf_20180419,tgf_20180419,1_initialization,6,0,0.11012
tgf_20180419,tgf_20180419,2_initial_state,6,0,0.00135
tgf_20180419,tgf_20180419,3_fixpoint,6,0,0.122355
tgf_20180419,tgf_20180419,1_initialization,7,0,0.110906
tgf_20180419,tgf_20180419,2_initial_state,7,0,0.001349
tgf_20180419,tgf_20180419,3_fixpoint,7,0,0.120517
tgf_20180419,tgf_20180419,1_initialization,8,0,0.110441
tgf_20180419,tgf_20180419,2_initial_state,8,0,0.001406
tgf_20180419,tgf_20180419,3_fixpoint,8,0,0.121855
tgf_20180419,tgf_20180419,1_initialization,9,0,0.111941
tgf_20180419,tgf_20180419,2_initial_state,9,0,0.001515
tgf_20180419,tgf_20180419,3_fixpoint,9,0,0.118421
tgf_20180419,tgf_20180419,1_initialization,10,0,0.110246
tgf_20180419,tgf_20180419,2_initial_state,10,0,0.001357
tgf_20180419,tgf_20180419,3_fixpoint,10,0,0.123019
tgf_20180419,tgf_20180419,1_initialization,1,10,0.111011
tgf_20180419,tgf_20180419,2_initial_state,1,10,0.001345
tgf_20180419,tgf_20180419,3_fixpoint,1,10,0.16936
tgf_20180419,tgf_20180419,1_initialization,2,10,0.113178
tgf_20180419,tgf_20180419,2_initial_state,2,10,0.001379
tgf_20180419,tgf_20180419,3_fixpoint,2,10,0.162654
tgf_20180419,tgf_20180419,1_initialization,3,10,0.113226
tgf_20180419,tgf_20180419,2_initial_state,3,10,0.001359
tgf_20180419,tgf_20180419,3_fixpoint,3,10,0.168462
tgf_20180419,tgf_20180419,1_initialization,4,10,0.110616
tgf_20180419,tgf_20180419,2_initial_state,4,10,0.001396
tgf_20180419,tgf_20180419,3_fixpoint,4,10,0.158915
tgf_20180419,tgf_20180419,1_initialization,5,10,0.110756
tgf_20180419,tgf_20180419,2_initial_state,5,10,0.001327
tgf_20180419,tgf_20180419,3_fixpoint,5,10,0.162936
tgf_20180419,tgf_20180419,1_initialization,6,10,0.109688
tgf_20180419,tgf_20180419,2_initial_state,6,10,0.001267
tgf_20180419,tgf_20180419,3_fixpoint,6,10,0.151128
tgf_20180419,tgf_20180419,1_initialization,7,10,0.112049
tgf_20180419,tgf_20180419,2_initial_state,7,10,0.001387
tgf_20180419,tgf_20180419,3_fixpoint,7,10,0.15794
tgf_20180419,tgf_20180419,1_initialization,8,10,0.110381
tgf_20180419,tgf_20180419,2_initial_state,8,10,0.00138
tgf_20180419,tgf_20180419,3_fixpoint,8,10,0.196862
tgf_20180419,tgf_20180419,1_initialization,9,10,0.11055
tgf_20180419,tgf_20180419,2_initial_state,9,10,0.001368
tgf_20180419,tgf_20180419,3_fixpoint,9,10,0.145866
tgf_20180419,tgf_20180419,1_initialization,10,10,0.110429
tgf_20180419,tgf_20180419,2_initial_state,10,10,0.001363
tgf_20180419,tgf_20180419,3_fixpoint,10,10,0.152574
tgf_20180419,tgf_20180419,1_initialization,1,20,0.112126
tgf_20180419,tgf_20180419,2_initial_state,1,20,0.001344
tgf_20180419,tgf_20180419,3_fixpoint,1,20,0.194156
tgf_20180419,tgf_20180419,1_initialization,2,20,0.111573
tgf_20180419,tgf_20180419,2_initial_state,2,20,0.00138
tgf_20180419,tgf_20180419,3_fixpoint,2,20,0.197869
tgf_20180419,tgf_20180419,1_initialization,3,20,0.111541
tgf_20180419,tgf_20180419,2_initial_state,3,20,0.00137
tgf_20180419,tgf_20180419,3_fixpoint,3,20,0.182229
tgf_20180419,tgf_20180419,1_initialization,4,20,0.111577
tgf_20180419,tgf_20180419,2_initial_state,4,20,0.001341
tgf_20180419,tgf_20180419,3_fixpoint,4,20,0.196623
tgf_20180419,tgf_20180419,1_initialization,5,20,0.111859
tgf_20180419,tgf_20180419,2_initial_state,5,20,0.001364
tgf_20180419,tgf_20180419,3_fixpoint,5,20,0.194606
tgf_20180419,tgf_20180419,1_initialization,6,20,0.114969
tgf_20180419,tgf_20180419,2_initial_state,6,20,0.001376
tgf_20180419,tgf_20180419,3_fixpoint,6,20,0.210706
tgf_20180419,tgf_20180419,1_initialization,7,20,0.112743
tgf_20180419,tgf_20180419,2_initial_state,7,20,0.001384
tgf_20180419,tgf_20180419,3_fixpoint,7,20,0.213872
tgf_20180419,tgf_20180419,1_initialization,8,20,0.112318
tgf_20180419,tgf_20180419,2_initial_state,8,20,0.001402
tgf_20180419,tgf_20180419,3_fixpoint,8,20,0.189443
tgf_20180419,tgf_20180419,1_initialization,9,20,0.112792
tgf_20180419,tgf_20180419,2_initial_state,9,20,0.001411
tgf_20180419,tgf_20180419,3_fixpoint,9,20,0.210019
tgf_20180419,tgf_20180419,1_initialization,10,20,0.11052
tgf_20180419,tgf_20180419,2_initial_state,10,20,0.001376
tgf_20180419,tgf_20180419,3_fixpoint,10,20,0.183505
tgf_20180419,tgf_20180419,1_initialization,1,30,0.111017
tgf_20180419,tgf_20180419,2_initial_state,1,30,0.001213
tgf_20180419,tgf_20180419,3_fixpoint,1,30,0.339947
tgf_20180419,tgf_20180419,1_initialization,2,30,0.112375
tgf_20180419,tgf_20180419,2_initial_state,2,30,0.001343
tgf_20180419,tgf_20180419,3_fixpoint,2,30,0.225733
tgf_20180419,tgf_20180419,1_initialization,3,30,0.11349
tgf_20180419,tgf_20180419,2_initial_state,3,30,0.00138
tgf_20180419,tgf_20180419,3_fixpoint,3,30,0.23006
tgf_20180419,tgf_20180419,1_initialization,4,30,0.113675
tgf_20180419,tgf_20180419,2_initial_state,4,30,0.001357
tgf_20180419,tgf_20180419,3_fixpoint,4,30,0.27906
tgf_20180419,tgf_20180419,1_initialization,5,30,0.113604
tgf_20180419,tgf_20180419,2_initial_state,5,30,0.001374
tgf_20180419,tgf_20180419,3_fixpoint,5,30,0.202227
tgf_20180419,tgf_20180419,1_initialization,6,30,0.110783
tgf_20180419,tgf_20180419,2_initial_state,6,30,0.001383
tgf_20180419,tgf_20180419,3_fixpoint,6,30,0.22679
tgf_20180419,tgf_20180419,1_initialization,7,30,0.108504
tgf_20180419,tgf_20180419,2_initial_state,7,30,0.001307
tgf_20180419,tgf_20180419,3_fixpoint,7,30,0.204953
tgf_20180419,tgf_20180419,1_initialization,8,30,0.110807
tgf_20180419,tgf_20180419,2_initial_state,8,30,0.001341
tgf_20180419,tgf_20180419,3_fixpoint,8,30,0.273847
tgf_20180419,tgf_20180419,1_initialization,9,30,0.112085
tgf_20180419,tgf_20180419,2_initial_state,9,30,0.001341
tgf_20180419,tgf_20180419,3_fixpoint,9,30,0.325932
tgf_20180419,tgf_20180419,1_initialization,10,30,0.111195
tgf_20180419,tgf_20180419,2_initial_state,10,30,0.001377
tgf_20180419,tgf_20180419,3_fixpoint,10,30,0.265464
tgf_20180419,tgf_20180419,1_initialization,1,40,0.110528
tgf_20180419,tgf_20180419,2_initial_state,1,40,0.0014
tgf_20180419,tgf_20180419,3_fixpoint,1,40,0.262586
tgf_20180419,tgf_20180419,1_initialization,2,40,0.114566
tgf_20180419,tgf_20180419,2_initial_state,2,40,0.001416
tgf_20180419,tgf_20180419,3_fixpoint,2,40,0.29669
tgf_20180419,tgf_20180419,1_initialization,3,40,0.111703
tgf_20180419,tgf_20180419,2_initial_state,3,40,0.001378
tgf_20180419,tgf_20180419,3_fixpoint,3,40,0.553474
tgf_20180419,tgf_20180419,1_initialization,4,40,0.111292
tgf_20180419,tgf_20180419,2_initial_state,4,40,0.001407
tgf_20180419,tgf_20180419,3_fixpoint,4,40,0.446874
tgf_20180419,tgf_20180419,1_initialization,5,40,0.112611
tgf_20180419,tgf_20180419,2_initial_state,5,40,0.001357
tgf_20180419,tgf_20180419,3_fixpoint,5,40,0.31939
tgf_20180419,tgf_20180419,1_initialization,6,40,0.112763
tgf_20180419,tgf_20180419,2_initial_state,6,40,0.001362
tgf_20180419,tgf_20180419,3_fixpoint,6,40,0.223752
tgf_20180419,tgf_20180419,1_initialization,7,40,0.110815
tgf_20180419,tgf_20180419,2_initial_state,7,40,0.001362
tgf_20180419,tgf_20180419,3_fixpoint,7,40,0.275156
tgf_20180419,tgf_20180419,1_initialization,8,40,0.11136
tgf_20180419,tgf_20180419,2_initial_state,8,40,0.001412
tgf_20180419,tgf_20180419,3_fixpoint,8,40,0.505766
tgf_20180419,tgf_20180419,1_initialization,9,40,0.110128
tgf_20180419,tgf_20180419,2_initial_state,9,40,0.001355
tgf_20180419,tgf_20180419,3_fixpoint,9,40,0.420008
tgf_20180419,tgf_20180419,1_initialization,10,40,0.111249
tgf_20180419,tgf_20180419,2_initial_state,10,40,0.001327
tgf_20180419,tgf_20180419,3_fixpoint,10,40,0.316283
tgf_20180419,tgf_20180419,1_initialization,1,50,0.114103
tgf_20180419,tgf_20180419,2_initial_state,1,50,0.001399
tgf_20180419,tgf_20180419,3_fixpoint,1,50,0.375992
tgf_20180419,tgf_20180419,1_initialization,2,50,0.112854
tgf_20180419,tgf_20180419,2_initial_state,2,50,0.00134
tgf_20180419,tgf_20180419,3_fixpoint,2,50,0.415022
tgf_20180419,tgf_20180419,1_initialization,3,50,0.112137
tgf_20180419,tgf_20180419,2_initial_state,3,50,0.001293
tgf_20180419,tgf_20180419,3_fixpoint,3,50,0.473103
tgf_20180419,tgf_20180419,1_initialization,4,50,0.112412
tgf_20180419,tgf_20180419,2_initial_state,4,50,0.001343
tgf_20180419,tgf_20180419,3_fixpoint,4,50,0.363511
tgf_20180419,tgf_20180419,1_initialization,5,50,0.113192
tgf_20180419,tgf_20180419,2_initial_state,5,50,0.001455
tgf_20180419,tgf_20180419,3_fixpoint,5,50,0.42753
tgf_20180419,tgf_20180419,1_initialization,6,50,0.112397
tgf_20180419,tgf_20180419,2_initial_state,6,50,0.001351
tgf_20180419,tgf_20180419,3_fixpoint,6,50,0.567749
tgf_20180419,tgf_20180419,1_initialization,7,50,0.112425
tgf_20180419,tgf_20180419,2_initial_state,7,50,0.001314
tgf_20180419,tgf_20180419,3_fixpoint,7,50,0.436941
tgf_20180419,tgf_20180419,1_initialization,8,50,0.113842
tgf_20180419,tgf_20180419,2_initial_state,8,50,0.001304
tgf_20180419,tgf_20180419,3_fixpoint,8,50,0.576077
tgf_20180419,tgf_20180419,1_initialization,9,50,0.110498
tgf_20180419,tgf_20180419,2_initial_state,9,50,0.001343
tgf_20180419,tgf_20180419,3_fixpoint,9,50,0.338248
tgf_20180419,tgf_20180419,1_initialization,10,50,0.109092
tgf_20180419,tgf_20180419,2_initial_state,10,50,0.001316
tgf_20180419,tgf_20180419,3_fixpoint,10,50,0.323386
tgf_20180419,tgf_20180419,1_initialization,1,60,0.108854
tgf_20180419,tgf_20180419,2_initial_state,1,60,0.001291
tgf_20180419,tgf_20180419,3_fixpoint,1,60,0.421992
tgf_20180419,tgf_20180419,1_initialization,2,60,0.111055
tgf_20180419,tgf_20180419,2_initial_state,2,60,0.001319
tgf_20180419,tgf_20180419,3_fixpoint,2,60,0.395154
tgf_20180419,tgf_20180419,1_initialization,3,60,0.110364
tgf_20180419,tgf_20180419,2_initial_state,3,60,0.00129
tgf_20180419,tgf_20180419,3_fixpoint,3,60,0.395121
tgf_20180419,tgf_20180419,1_initialization,4,60,0.110486
tgf_20180419,tgf_20180419,2_initial_state,4,60,0.001319
tgf_20180419,tgf_20180419,3_fixpoint,4,60,0.477452
tgf_20180419,tgf_20180419,1_initialization,5,60,0.111058
tgf_20180419,tgf_20180419,2_initial_state,5,60,0.001338
tgf_20180419,tgf_20180419,3_fixpoint,5,60,0.979678
tgf_20180419,tgf_20180419,1_initialization,6,60,0.111118
tgf_20180419,tgf_20180419,2_initial_state,6,60,0.001288
tgf_20180419,tgf_20180419,3_fixpoint,6,60,0.698852
tgf_20180419,tgf_20180419,1_initialization,7,60,0.111141
tgf_20180419,tgf_20180419,2_initial_state,7,60,0.001321
tgf_20180419,tgf_20180419,3_fixpoint,7,60,0.459369
tgf_20180419,tgf_20180419,1_initialization,8,60,0.111332
tgf_20180419,tgf_20180419,2_initial_state,8,60,0.001303
tgf_20180419,tgf_20180419,3_fixpoint,8,60,0.645949
tgf_20180419,tgf_20180419,1_initialization,9,60,0.110523
tgf_20180419,tgf_20180419,2_initial_state,9,60,0.001296
tgf_20180419,tgf_20180419,3_fixpoint,9,60,0.791356
tgf_20180419,tgf_20180419,1_initialization,10,60,0.111235
tgf_20180419,tgf_20180419,2_initial_state,10,60,0.001369
tgf_20180419,tgf_20180419,3_fixpoint,10,60,0.601084
tgf_20180419,tgf_20180419,1_initialization,1,70,0.111802
tgf_20180419,tgf_20180419,2_initial_state,1,70,0.001206
tgf_20180419,tgf_20180419,3_fixpoint,1,70,0.564424
tgf_20180419,tgf_20180419,1_initialization,2,70,0.111577
tgf_20180419,tgf_20180419,2_initial_state,2,70,0.001231
tgf_20180419,tgf_20180419,3_fixpoint,2,70,0.72395
tgf_20180419,tgf_20180419,1_initialization,3,70,0.110909
tgf_20180419,tgf_20180419,2_initial_state,3,70,0.001226
tgf_20180419,tgf_20180419,3_fixpoint,3,70,0.79799
tgf_20180419,tgf_20180419,1_initialization,4,70,0.111028
tgf_20180419,tgf_20180419,2_initial_state,4,70,0.001242
tgf_20180419,tgf_20180419,3_fixpoint,4,70,0.852382
tgf_20180419,tgf_20180419,1_initialization,5,70,0.111419
tgf_20180419,tgf_20180419,2_initial_state,5,70,0.001236
tgf_20180419,tgf_20180419,3_fixpoint,5,70,1.129554
tgf_20180419,tgf_20180419,1_initialization,6,70,0.112373
tgf_20180419,tgf_20180419,2_initial_state,6,70,0.001276
tgf_20180419,tgf_20180419,3_fixpoint,6,70,0.45931
tgf_20180419,tgf_20180419,1_initialization,7,70,0.112305
tgf_20180419,tgf_20180419,2_initial_state,7,70,0.001237
tgf_20180419,tgf_20180419,3_fixpoint,7,70,1.650757
tgf_20180419,tgf_20180419,1_initialization,8,70,0.112207
tgf_20180419,tgf_20180419,2_initial_state,8,70,0.001239
tgf_20180419,tgf_20180419,3_fixpoint,8,70,0.613165
tgf_20180419,tgf_20180419,1_initialization,9,70,0.110797
tgf_20180419,tgf_20180419,2_initial_state,9,70,0.001249
tgf_20180419,tgf_20180419,3_fixpoint,9,70,0.649159
tgf_20180419,tgf_20180419,1_initialization,10,70,0.110846
tgf_20180419,tgf_20180419,2_initial_state,10,70,0.001258
tgf_20180419,tgf_20180419,3_fixpoint,10,70,0.835834
tgf_20180419,tgf_20180419,1_initialization,1,80,0.112099
tgf_20180419,tgf_20180419,2_initial_state,1,80,0.001234
tgf_20180419,tgf_20180419,3_fixpoint,1,80,0.841039
tgf_20180419,tgf_20180419,1_initialization,2,80,0.111212
tgf_20180419,tgf_20180419,2_initial_state,2,80,0.001236
tgf_20180419,tgf_20180419,3_fixpoint,2,80,0.521983
tgf_20180419,tgf_20180419,1_initialization,3,80,0.111428
tgf_20180419,tgf_20180419,2_initial_state,3,80,0.001223
tgf_20180419,tgf_20180419,3_fixpoint,3,80,0.810892
tgf_20180419,tgf_20180419,1_initialization,4,80,0.111654
tgf_20180419,tgf_20180419,2_initial_state,4,80,0.001254
tgf_20180419,tgf_20180419,3_fixpoint,4,80,0.919647
tgf_20180419,tgf_20180419,1_initialization,5,80,0.111692
tgf_20180419,tgf_20180419,2_initial_state,5,80,0.001227
tgf_20180419,tgf_20180419,3_fixpoint,5,80,2.503758
tgf_20180419,tgf_20180419,1_initialization,6,80,0.111349
tgf_20180419,tgf_20180419,2_initial_state,6,80,0.001243
tgf_20180419,tgf_20180419,3_fixpoint,6,80,0.700909
tgf_20180419,tgf_20180419,1_initialization,7,80,0.112479
tgf_20180419,tgf_20180419,2_initial_state,7,80,0.001228
tgf_20180419,tgf_20180419,3_fixpoint,7,80,0.821596
tgf_20180419,tgf_20180419,1_initialization,8,80,0.111117
tgf_20180419,tgf_20180419,2_initial_state,8,80,0.001246
tgf_20180419,tgf_20180419,3_fixpoint,8,80,0.796892
tgf_20180419,tgf_20180419,1_initialization,9,80,0.112473
tgf_20180419,tgf_20180419,2_initial_state,9,80,0.001238
tgf_20180419,tgf_20180419,3_fixpoint,9,80,0.796723
tgf_20180419,tgf_20180419,1_initialization,10,80,0.111732
tgf_20180419,tgf_20180419,2_initial_state,10,80,0.001226
tgf_20180419,tgf_20180419,3_fixpoint,10,80,0.732242
wnt_20151228,wnt_20151228,1_initialization,1,0,0.345761
wnt_20151228,wnt_20151228,2_initial_state,1,0,0.002357
wnt_20151228,wnt_20151228,3_fixpoint,1,0,0.226465
wnt_20151228,wnt_20151228,1_initialization,2,0,0.347881
wnt_20151228,wnt_20151228,2_initial_state,2,0,0.002374
wnt_20151228,wnt_20151228,3_fixpoint,2,0,0.226462
wnt_20151228,wnt_20151228,1_initialization,3,0,0.346869
wnt_20151228,wnt_20151228,2_initial_state,3,0,0.002338
wnt_20151228,wnt_20151228,3_fixpoint,3,0,0.229077
wnt_20151228,wnt_20151228,1_initialization,4,0,0.345777
wnt_20151228,wnt_20151228,2_initial_state,4,0,0.00228
wnt_20151228,wnt_20151228,3_fixpoint,4,0,0.22386
wnt_20151228,wnt_20151228,1_initialization,5,0,0.345505
wnt_20151228,wnt_20151228,2_initial_state,5,0,0.002329
wnt_20151228,wnt_20151228,3_fixpoint,5,0,0.228594
wnt_20151228,wnt_20151228,1_initialization,6,0,0.344707
wnt_20151228,wnt_20151228,2_initial_state,6,0,0.002317
wnt_20151228,wnt_20151228,3_fixpoint,6,0,0.221592
wnt_20151228,wnt_20151228,1_initialization,7,0,0.34485
wnt_20151228,wnt_20151228,2_initial_state,7,0,0.002298
wnt_20151228,wnt_20151228,3_fixpoint,7,0,0.223275
wnt_20151228,wnt_20151228,1_initialization,8,0,0.348134
wnt_20151228,wnt_20151228,2_initial_state,8,0,0.002313
wnt_20151228,wnt_20151228,3_fixpoint,8,0,0.227715
wnt_20151228,wnt_20151228,1_initialization,9,0,0.346164
wnt_20151228,wnt_20151228,2_initial_state,9,0,0.002514
wnt_20151228,wnt_20151228,3_fixpoint,9,0,0.229609
wnt_20151228,wnt_20151228,1_initialization,10,0,0.345502
wnt_20151228,wnt_20151228,2_initial_state,10,0,0.002333
wnt_20151228,wnt_20151228,3_fixpoint,10,0,0.227618
wnt_20151228,wnt_20151228,1_initialization,1,10,0.349198
wnt_20151228,wnt_20151228,2_initial_state,1,10,0.00231
wnt_20151228,wnt_20151228,3_fixpoint,1,10,0.3917
wnt_20151228,wnt_20151228,1_initialization,2,10,0.346805
wnt_20151228,wnt_20151228,2_initial_state,2,10,0.002271
wnt_20151228,wnt_20151228,3_fixpoint,2,10,0.302448
wnt_20151228,wnt_20151228,1_initialization,3,10,0.34532
wnt_20151228,wnt_20151228,2_initial_state,3,10,0.002273
wnt_20151228,wnt_20151228,3_fixpoint,3,10,0.411797
wnt_20151228,wnt_20151228,1_initialization,4,10,0.34976
wnt_20151228,wnt_20151228,2_initial_state,4,10,0.002306
wnt_20151228,wnt_20151228,3_fixpoint,4,10,0.338686
wnt_20151228,wnt_20151228,1_initialization,5,10,0.346226
wnt_20151228,wnt_20151228,2_initial_state,5,10,0.002253
wnt_20151228,wnt_20151228,3_fixpoint,5,10,0.363848
wnt_20151228,wnt_20151228,1_initialization,6,10,0.346874
wnt_20151228,wnt_20151228,2_initial_state,6,10,0.002289
wnt_20151228,wnt_20151228,3_fixpoint,6,10,0.384447
wnt_20151228,wnt_20151228,1_initialization,7,10,0.345852
wnt_20151228,wnt_20151228,2_initial_state,7,10,0.0023
wnt_20151228,wnt_20151228,3_fixpoint,7,10,0.302458
wnt_20151228,wnt_20151228,1_initialization,8,10,0.34754
wnt_20151228,wnt_20151228,2_initial_state,8,10,0.002289
wnt_20151228,wnt_20151228,3_fixpoint,8,10,0.400705
wnt_20151228,wnt_20151228,1_initialization,9,10,0.347866
wnt_20151228,wnt_20151228,2_initial_state,9,10,0.002318
wnt_20151228,wnt_20151228,3_fixpoint,9,10,0.319881
wnt_20151228,wnt_20151228,1_initialization,10,10,0.348067
wnt_20151228,wnt_20151228,2_initial_state,10,10,0.002281
wnt_20151228,wnt_20151228,3_fixpoint,10,10,0.304194
wnt_20151228,wnt_20151228,1_initialization,1,20,0.34701
wnt_20151228,wnt_20151228,2_initial_state,1,20,0.002321
wnt_20151228,wnt_20151228,3_fixpoint,1,20,0.396444
wnt_20151228,wnt_20151228,1_initialization,2,20,0.348276
wnt_20151228,wnt_20151228,2_initial_state,2,20,0.002286
wnt_20151228,wnt_20151228,3_fixpoint,2,20,0.664801
wnt_20151228,wnt_20151228,1_initialization,3,20,0.346787
wnt_20151228,wnt_20151228,2_initial_state,3,20,0.002305
wnt_20151228,wnt_20151228,3_fixpoint,3,20,0.462599
wnt_20151228,wnt_20151228,1_initialization,4,20,0.34819
wnt_20151228,wnt_20151228,2_initial_state,4,20,0.002288
wnt_20151228,wnt_20151228,3_fixpoint,4,20,0.43655
wnt_20151228,wnt_20151228,1_initialization,5,20,0.346743
wnt_20151228,wnt_20151228,2_initial_state,5,20,0.002338
wnt_20151228,wnt_20151228,3_fixpoint,5,20,0.390227
wnt_20151228,wnt_20151228,1_initialization,6,20,0.343755
wnt_20151228,wnt_20151228,2_initial_state,6,20,0.002305
wnt_20151228,wnt_20151228,3_fixpoint,6,20,0.42089
wnt_20151228,wnt_20151228,1_initialization,7,20,0.346002
wnt_20151228,wnt_20151228,2_initial_state,7,20,0.002336
wnt_20151228,wnt_20151228,3_fixpoint,7,20,0.512679
wnt_20151228,wnt_20151228,1_initialization,8,20,0.346872
wnt_20151228,wnt_20151228,2_initial_state,8,20,0.002243
wnt_20151228,wnt_20151228,3_fixpoint,8,20,0.526156
wnt_20151228,wnt_20151228,1_initialization,9,20,0.346448
wnt_20151228,wnt_20151228,2_initial_state,9,20,0.002273
wnt_20151228,wnt_20151228,3_fixpoint,9,20,0.35707
wnt_20151228,wnt_20151228,1_initialization,10,20,0.346868
wnt_20151228,wnt_20151228,2_initial_state,10,20,0.002301
wnt_20151228,wnt_20151228,3_fixpoint,10,20,0.411109
wnt_20151228,wnt_20151228,1_initialization,1,30,0.348099
wnt_20151228,wnt_20151228,2_initial_state,1,30,0.002309
wnt_20151228,wnt_20151228,3_fixpoint,1,30,0.439744
wnt_20151228,wnt_20151228,1_initialization,2,30,0.349875
wnt_20151228,wnt_20151228,2_initial_state,2,30,0.002309
wnt_20151228,wnt_20151228,3_fixpoint,2,30,0.667054
wnt_20151228,wnt_20151228,1_initialization,3,30,0.347641
wnt_20151228,wnt_20151228,2_initial_state,3,30,0.002231
wnt_20151228,wnt_20151228,3_fixpoint,3,30,0.868074
wnt_20151228,wnt_20151228,1_initialization,4,30,0.349771
wnt_20151228,wnt_20151228,2_initial_state,4,30,0.002268
wnt_20151228,wnt_20151228,3_fixpoint,4,30,0.783133
wnt_20151228,wnt_20151228,1_initialization,5,30,0.348177
wnt_20151228,wnt_20151228,2_initial_state,5,30,0.002257
wnt_20151228,wnt_20151228,3_fixpoint,5,30,0.650084
wnt_20151228,wnt_20151228,1_initialization,6,30,0.349254
wnt_20151228,wnt_20151228,2_initial_state,6,30,0.002279
wnt_20151228,wnt_20151228,3_fixpoint,6,30,0.497334
wnt_20151228,wnt_20151228,1_initialization,7,30,0.349602
wnt_20151228,wnt_20151228,2_initial_state,7,30,0.002278
wnt_20151228,wnt_20151228,3_fixpoint,7,30,0.51104
wnt_20151228,wnt_20151228,1_initialization,8,30,0.346567
wnt_20151228,wnt_20151228,2_initial_state,8,30,0.002259
wnt_20151228,wnt_20151228,3_fixpoint,8,30,1.399925
wnt_20151228,wnt_20151228,1_initialization,9,30,0.345442
wnt_20151228,wnt_20151228,2_initial_state,9,30,0.002252
wnt_20151228,wnt_20151228,3_fixpoint,9,30,0.723981
wnt_20151228,wnt_20151228,1_initialization,10,30,0.346436
wnt_20151228,wnt_20151228,2_initial_state,10,30,0.002283
wnt_20151228,wnt_20151228,3_fixpoint,10,30,0.77648
wnt_20151228,wnt_20151228,1_initialization,1,40,0.346812
wnt_20151228,wnt_20151228,2_initial_state,1,40,0.002309
wnt_20151228,wnt_20151228,3_fixpoint,1,40,0.899475
wnt_20151228,wnt_20151228,1_initialization,2,40,0.346666
wnt_20151228,wnt_20151228,2_initial_state,2,40,0.002218
wnt_20151228,wnt_20151228,3_fixpoint,2,40,0.736439
wnt_20151228,wnt_20151228,1_initialization,3,40,0.349
wnt_20151228,wnt_20151228,2_initial_state,3,40,0.002241
wnt_20151228,wnt_20151228,3_fixpoint,3,40,1.157059
wnt_20151228,wnt_20151228,1_initialization,4,40,0.346892
wnt_20151228,wnt_20151228,2_initial_state,4,40,0.002296
wnt_20151228,wnt_20151228,3_fixpoint,4,40,0.691598
wnt_20151228,wnt_20151228,1_initialization,5,40,0.350551
wnt_20151228,wnt_20151228,2_initial_state,5,40,0.002227
wnt_20151228,wnt_20151228,3_fixpoint,5,40,0.726935
wnt_20151228,wnt_20151228,1_initialization,6,40,0.348398
wnt_20151228,wnt_20151228,2_initial_state,6,40,0.002155
wnt_20151228,wnt_20151228,3_fixpoint,6,40,1.23987
wnt_20151228,wnt_20151228,1_initialization,7,40,0.346468
wnt_20151228,wnt_20151228,2_initial_state,7,40,0.002291
wnt_20151228,wnt_20151228,3_fixpoint,7,40,0.669537
wnt_20151228,wnt_20151228,1_initialization,8,40,0.351322
wnt_20151228,wnt_20151228,2_initial_state,8,40,0.002382
wnt_20151228,wnt_20151228,3_fixpoint,8,40,0.897123
wnt_20151228,wnt_20151228,1_initialization,9,40,0.347259
wnt_20151228,wnt_20151228,2_initial_state,9,40,0.00229
wnt_20151228,wnt_20151228,3_fixpoint,9,40,1.190308
wnt_20151228,wnt_20151228,1_initialization,10,40,0.349103
wnt_20151228,wnt_20151228,2_initial_state,10,40,0.002244
wnt_20151228,wnt_20151228,3_fixpoint,10,40,0.924687
wnt_20151228,wnt_20151228,1_initialization,1,50,0.34674
wnt_20151228,wnt_20151228,2_initial_state,1,50,0.002284
wnt_20151228,wnt_20151228,3_fixpoint,1,50,1.012538
wnt_20151228,wnt_20151228,1_initialization,2,50,0.348653
wnt_20151228,wnt_20151228,2_initial_state,2,50,0.002263
wnt_20151228,wnt_20151228,3_fixpoint,2,50,1.010194
wnt_20151228,wnt_20151228,1_initialization,3,50,0.347149
wnt_20151228,wnt_20151228,2_initial_state,3,50,0.002331
wnt_20151228,wnt_20151228,3_fixpoint,3,50,2.264958
wnt_20151228,wnt_20151228,1_initialization,4,50,0.347277
wnt_20151228,wnt_20151228,2_initial_state,4,50,0.00232
wnt_20151228,wnt_20151228,3_fixpoint,4,50,1.041285
wnt_20151228,wnt_20151228,1_initialization,5,50,0.347702
wnt_20151228,wnt_20151228,2_initial_state,5,50,0.002301
wnt_20151228,wnt_20151228,3_fixpoint,5,50,1.27138
wnt_20151228,wnt_20151228,1_initialization,6,50,0.348587
wnt_20151228,wnt_20151228,2_initial_state,6,50,0.002286
wnt_20151228,wnt_20151228,3_fixpoint,6,50,1.038339
wnt_20151228,wnt_20151228,1_initialization,7,50,0.341228
wnt_20151228,wnt_20151228,2_initial_state,7,50,0.002473
wnt_20151228,wnt_20151228,3_fixpoint,7,50,1.418022
wnt_20151228,wnt_20151228,1_initialization,8,50,0.350118
wnt_20151228,wnt_20151228,2_initial_state,8,50,0.002348
wnt_20151228,wnt_20151228,3_fixpoint,8,50,1.071574
wnt_20151228,wnt_20151228,1_initialization,9,50,0.348559
wnt_20151228,wnt_20151228,2_initial_state,9,50,0.002318
wnt_20151228,wnt_20151228,3_fixpoint,9,50,0.843077
wnt_20151228,wnt_20151228,1_initialization,10,50,0.347356
wnt_20151228,wnt_20151228,2_initial_state,10,50,0.002318
wnt_20151228,wnt_20151228,3_fixpoint,10,50,1.306286
wnt_20151228,wnt_20151228,1_initialization,1,60,0.347569
wnt_20151228,wnt_20151228,2_initial_state,1,60,0.002292
wnt_20151228,wnt_20151228,3_fixpoint,1,60,2.854891
wnt_20151228,wnt_20151228,1_initialization,2,60,0.348705
wnt_20151228,wnt_20151228,2_initial_state,2,60,0.002262
wnt_20151228,wnt_20151228,3_fixpoint,2,60,3.051882
wnt_20151228,wnt_20151228,1_initialization,3,60,0.349172
wnt_20151228,wnt_20151228,2_initial_state,3,60,0.002305
wnt_20151228,wnt_20151228,3_fixpoint,3,60,2.135352
wnt_20151228,wnt_20151228,1_initialization,4,60,0.347056
wnt_20151228,wnt_20151228,2_initial_state,4,60,0.00224
wnt_20151228,wnt_20151228,3_fixpoint,4,60,1.824746
wnt_20151228,wnt_20151228,1_initialization,5,60,0.347683
wnt_20151228,wnt_20151228,2_initial_state,5,60,0.002257
wnt_20151228,wnt_20151228,3_fixpoint,5,60,1.928699
wnt_20151228,wnt_20151228,1_initialization,6,60,0.349408
wnt_20151228,wnt_20151228,2_initial_state,6,60,0.002252
wnt_20151228,wnt_20151228,3_fixpoint,6,60,1.78881
wnt_20151228,wnt_20151228,1_initialization,7,60,0.348948
wnt_20151228,wnt_20151228,2_initial_state,7,60,0.002315
wnt_20151228,wnt_20151228,3_fixpoint,7,60,3.087404
wnt_20151228,wnt_20151228,1_initialization,8,60,0.348621
wnt_20151228,wnt_20151228,2_initial_state,8,60,0.002561
wnt_20151228,wnt_20151228,3_fixpoint,8,60,2.907876
wnt_20151228,wnt_20151228,1_initialization,9,60,0.348208
wnt_20151228,wnt_20151228,2_initial_state,9,60,0.002322
wnt_20151228,wnt_20151228,3_fixpoint,9,60,2.748399
wnt_20151228,wnt_20151228,1_initialization,10,60,0.348581
wnt_20151228,wnt_20151228,2_initial_state,10,60,0.002307
wnt_20151228,wnt_20151228,3_fixpoint,10,60,2.126099
wnt_20151228,wnt_20151228,1_initialization,1,70,0.349085
wnt_20151228,wnt_20151228,2_initial_state,1,70,0.002287
wnt_20151228,wnt_20151228,3_fixpoint,1,70,6.633792
wnt_20151228,wnt_20151228,1_initialization,2,70,0.348456
wnt_20151228,wnt_20151228,2_initial_state,2,70,0.002323
wnt_20151228,wnt_20151228,3_fixpoint,2,70,6.148106
wnt_20151228,wnt_20151228,1_initialization,3,70,0.347879
wnt_20151228,wnt_20151228,2_initial_state,3,70,0.00234
wnt_20151228,wnt_20151228,3_fixpoint,3,70,2.332831
wnt_20151228,wnt_20151228,1_initialization,4,70,0.351675
wnt_20151228,wnt_20151228,2_initial_state,4,70,0.002325
wnt_20151228,wnt_20151228,3_fixpoint,4,70,1.733879
wnt_20151228,wnt_20151228,1_initialization,5,70,0.350061
wnt_20151228,wnt_20151228,2_initial_state,5,70,0.002279
wnt_20151228,wnt_20151228,3_fixpoint,5,70,5.810739
wnt_20151228,wnt_20151228,1_initialization,6,70,0.347957
wnt_20151228,wnt_20151228,2_initial_state,6,70,0.00229
wnt_20151228,wnt_20151228,3_fixpoint,6,70,3.875364
wnt_20151228,wnt_20151228,1_initialization,7,70,0.348979
wnt_20151228,wnt_20151228,2_initial_state,7,70,0.002273
wnt_20151228,wnt_20151228,3_fixpoint,7,70,2.086357
wnt_20151228,wnt_20151228,1_initialization,8,70,0.349378
wnt_20151228,wnt_20151228,2_initial_state,8,70,0.002303
wnt_20151228,wnt_20151228,3_fixpoint,8,70,3.339677
wnt_20151228,wnt_20151228,1_initialization,9,70,0.350627
wnt_20151228,wnt_20151228,2_initial_state,9,70,0.00227
wnt_20151228,wnt_20151228,3_fixpoint,9,70,1.902263
wnt_20151228,wnt_20151228,1_initialization,10,70,0.350057
wnt_20151228,wnt_20151228,2_initial_state,10,70,0.00226
wnt_20151228,wnt_20151228,3_fixpoint,10,70,2.705506
wnt_20151228,wnt_20151228,1_initialization,1,80,0.350751
wnt_20151228,wnt_20151228,2_initial_state,1,80,0.002256
wnt_20151228,wnt_20151228,3_fixpoint,1,80,2.096946
wnt_20151228,wnt_20151228,1_initialization,2,80,0.349878
wnt_20151228,wnt_20151228,2_initial_state,2,80,0.002191
wnt_20151228,wnt_20151228,3_fixpoint,2,80,8.625283
wnt_20151228,wnt_20151228,1_initialization,3,80,0.350701
wnt_20151228,wnt_20151228,2_initial_state,3,80,0.002227
wnt_20151228,wnt_20151228,3_fixpoint,3,80,3.493013
wnt_20151228,wnt_20151228,1_initialization,4,80,0.349418
wnt_20151228,wnt_20151228,2_initial_state,4,80,0.002453
wnt_20151228,wnt_20151228,3_fixpoint,4,80,5.119308
wnt_20151228,wnt_20151228,1_initialization,5,80,0.35017
wnt_20151228,wnt_20151228,2_initial_state,5,80,0.002297
wnt_20151228,wnt_20151228,3_fixpoint,5,80,4.376632
wnt_20151228,wnt_20151228,1_initialization,6,80,0.349671
wnt_20151228,wnt_20151228,2_initial_state,6,80,0.002303
wnt_20151228,wnt_20151228,3_fixpoint,6,80,2.340736
wnt_20151228,wnt_20151228,1_initialization,7,80,0.349763
wnt_20151228,wnt_20151228,2_initial_state,7,80,0.002277
wnt_20151228,wnt_20151228,3_fixpoint,7,80,4.147388
wnt_20151228,wnt_20151228,1_initialization,8,80,0.348871
wnt_20151228,wnt_20151228,2_initial_state,8,80,0.002247
wnt_20151228,wnt_20151228,3_fixpoint,8,80,3.140885
wnt_20151228,wnt_20151228,1_initialization,9,80,0.349804
wnt_20151228,wnt_20151228,2_initial_state,9,80,0.002287
wnt_20151228,wnt_20151228,3_fixpoint,9,80,2.973663
wnt_20151228,wnt_20151228,1_initialization,10,80,0.349017
wnt_20151228,wnt_20151228,2_initial_state,10,80,0.002279
wnt_20151228,wnt_20151228,3_fixpoint,10,80,5.595111
wnt_20170322,wnt_20170322,1_initialization,1,0,2.381684
wnt_20170322,wnt_20170322,2_initial_state,1,0,0.017417
wnt_20170322,wnt_20170322,3_fixpoint,1,0,1.569597
wnt_20170322,wnt_20170322,1_initialization,2,0,2.37976
wnt_20170322,wnt_20170322,2_initial_state,2,0,0.017592
wnt_20170322,wnt_20170322,3_fixpoint,2,0,1.573969
wnt_20170322,wnt_20170322,1_initialization,3,0,2.387597
wnt_20170322,wnt_20170322,2_initial_state,3,0,0.01835
wnt_20170322,wnt_20170322,3_fixpoint,3,0,1.539516
wnt_20170322,wnt_20170322,1_initialization,4,0,2.389054
wnt_20170322,wnt_20170322,2_initial_state,4,0,0.017416
wnt_20170322,wnt_20170322,3_fixpoint,4,0,1.538103
wnt_20170322,wnt_20170322,1_initialization,5,0,2.419865
wnt_20170322,wnt_20170322,2_initial_state,5,0,0.01745
wnt_20170322,wnt_20170322,3_fixpoint,5,0,1.566471
wnt_20170322,wnt_20170322,1_initialization,6,0,2.383868
wnt_20170322,wnt_20170322,2_initial_state,6,0,0.01746
wnt_20170322,wnt_20170322,3_fixpoint,6,0,1.549642
wnt_20170322,wnt_20170322,1_initialization,7,0,2.393983
wnt_20170322,wnt_20170322,2_initial_state,7,0,0.017608
wnt_20170322,wnt_20170322,3_fixpoint,7,0,1.551549
wnt_20170322,wnt_20170322,1_initialization,8,0,2.406382
wnt_20170322,wnt_20170322,2_initial_state,8,0,0.017071
wnt_20170322,wnt_20170322,3_fixpoint,8,0,1.552678
wnt_20170322,wnt_20170322,1_initialization,9,0,2.393245
wnt_20170322,wnt_20170322,2_initial_state,9,0,0.0172
wnt_20170322,wnt_20170322,3_fixpoint,9,0,1.567706
wnt_20170322,wnt_20170322,1_initialization,10,0,2.400756
wnt_20170322,wnt_20170322,2_initial_state,10,0,0.017328
wnt_20170322,wnt_20170322,3_fixpoint,10,0,1.552604
wnt_20170322,wnt_20170322,1_initialization,1,10,2.406801
wnt_20170322,wnt_20170322,2_initial_state,1,10,0.016209
wnt_20170322,wnt_20170322,3_fixpoint,1,10,1.729277
wnt_20170322,wnt_20170322,1_initialization,2,10,2.392264
wnt_20170322,wnt_20170322,2_initial_state,2,10,0.018187
wnt_20170322,wnt_20170322,3_fixpoint,2,10,1.672695
wnt_20170322,wnt_20170322,1_initialization,3,10,2.404213
wnt_20170322,wnt_20170322,2_initial_state,3,10,0.017991
wnt_20170322,wnt_20170322,3_fixpoint,3,10,1.624837
wnt_20170322,wnt_20170322,1_initialization,4,10,2.383697
wnt_20170322,wnt_20170322,2_initial_state,4,10,0.016354
wnt_20170322,wnt_20170322,3_fixpoint,4,10,1.723812
wnt_20170322,wnt_20170322,1_initialization,5,10,2.389504
wnt_20170322,wnt_20170322,2_initial_state,5,10,0.01634
wnt_20170322,wnt_20170322,3_fixpoint,5,10,1.728982
wnt_20170322,wnt_20170322,1_initialization,6,10,2.400301
wnt_20170322,wnt_20170322,2_initial_state,6,10,0.017632
wnt_20170322,wnt_20170322,3_fixpoint,6,10,1.670687
wnt_20170322,wnt_20170322,1_initialization,7,10,2.386339
wnt_20170322,wnt_20170322,2_initial_state,7,10,0.017807
wnt_20170322,wnt_20170322,3_fixpoint,7,10,1.666841
wnt_20170322,wnt_20170322,1_initialization,8,10,2.3868
wnt_20170322,wnt_20170322,2_initial_state,8,10,0.017698
wnt_20170322,wnt_20170322,3_fixpoint,8,10,1.673319
wnt_20170322,wnt_20170322,1_initialization,9,10,2.437127
wnt_20170322,wnt_20170322,2_initial_state,9,10,0.017838
wnt_20170322,wnt_20170322,3_fixpoint,9,10,1.672264
wnt_20170322,wnt_20170322,1_initialization,10,10,2.393523
wnt_20170322,wnt_20170322,2_initial_state,10,10,0.016475
wnt_20170322,wnt_20170322,3_fixpoint,10,10,3.168163
wnt_20170322,wnt_20170322,1_initialization,1,20,2.399174
wnt_20170322,wnt_20170322,2_initial_state,1,20,0.017218
wnt_20170322,wnt_20170322,3_fixpoint,1,20,1.976571
wnt_20170322,wnt_20170322,1_initialization,2,20,2.430045
wnt_20170322,wnt_20170322,2_initial_state,2,20,0.017399
wnt_20170322,wnt_20170322,3_fixpoint,2,20,1.776217
wnt_20170322,wnt_20170322,1_initialization,3,20,2.403133
wnt_20170322,wnt_20170322,2_initial_state,3,20,0.017164
wnt_20170322,wnt_20170322,3_fixpoint,3,20,1.723599
wnt_20170322,wnt_20170322,1_initialization,4,20,2.39559
wnt_20170322,wnt_20170322,2_initial_state,4,20,0.017341
wnt_20170322,wnt_20170322,3_fixpoint,4,20,3.105015
wnt_20170322,wnt_20170322,1_initialization,5,20,2.400915
wnt_20170322,wnt_20170322,2_initial_state,5,20,0.017812
wnt_20170322,wnt_20170322,3_fixpoint,5,20,1.861481
wnt_20170322,wnt_20170322,1_initialization,6,20,2.387722
wnt_20170322,wnt_20170322,2_initial_state,6,20,0.017491
wnt_20170322,wnt_20170322,3_fixpoint,6,20,1.719719
wnt_20170322,wnt_20170322,1_initialization,7,20,2.414652
wnt_20170322,wnt_20170322,2_initial_state,7,20,0.017401
wnt_20170322,wnt_20170322,3_fixpoint,7,20,1.821108
wnt_20170322,wnt_20170322,1_initialization,8,20,2.402579
wnt_20170322,wnt_20170322,2_initial_state,8,20,0.017399
wnt_20170322,wnt_20170322,3_fixpoint,8,20,1.775854
wnt_20170322,wnt_20170322,1_initialization,9,20,2.413572
wnt_20170322,wnt_20170322,2_initial_state,9,20,0.017151
wnt_20170322,wnt_20170322,3_fixpoint,9,20,3.092148
wnt_20170322,wnt_20170322,1_initialization,10,20,2.399221
wnt_20170322,wnt_20170322,2_initial_state,10,20,0.018178
wnt_20170322,wnt_20170322,3_fixpoint,10,20,1.812106
wnt_20170322,wnt_20170322,1_initialization,1,30,2.385953
wnt_20170322,wnt_20170322,2_initial_state,1,30,0.017947
wnt_20170322,wnt_20170322,3_fixpoint,1,30,1.850905
wnt_20170322,wnt_20170322,1_initialization,2,30,2.39204
wnt_20170322,wnt_20170322,2_initial_state,2,30,0.017689
wnt_20170322,wnt_20170322,3_fixpoint,2,30,2.430018
wnt_20170322,wnt_20170322,1_initialization,3,30,2.383821
wnt_20170322,wnt_20170322,2_initial_state,3,30,0.016369
wnt_20170322,wnt_20170322,3_fixpoint,3,30,3.286737
wnt_20170322,wnt_20170322,1_initialization,4,30,2.420475
wnt_20170322,wnt_20170322,2_initial_state,4,30,0.018116
wnt_20170322,wnt_20170322,3_fixpoint,4,30,1.874587
wnt_20170322,wnt_20170322,1_initialization,5,30,2.393087
wnt_20170322,wnt_20170322,2_initial_state,5,30,0.017864
wnt_20170322,wnt_20170322,3_fixpoint,5,30,1.771709
wnt_20170322,wnt_20170322,1_initialization,6,30,2.375644
wnt_20170322,wnt_20170322,2_initial_state,6,30,0.017217
wnt_20170322,wnt_20170322,3_fixpoint,6,30,3.17008
wnt_20170322,wnt_20170322,1_initialization,7,30,2.382537
wnt_20170322,wnt_20170322,2_initial_state,7,30,0.017201
wnt_20170322,wnt_20170322,3_fixpoint,7,30,1.789331
wnt_20170322,wnt_20170322,1_initialization,8,30,2.398414
wnt_20170322,wnt_20170322,2_initial_state,8,30,0.018392
wnt_20170322,wnt_20170322,3_fixpoint,8,30,1.776006
wnt_20170322,wnt_20170322,1_initialization,9,30,2.383569
wnt_20170322,wnt_20170322,2_initial_state,9,30,0.017798
wnt_20170322,wnt_20170322,3_fixpoint,9,30,3.38696
wnt_20170322,wnt_20170322,1_initialization,10,30,2.388049
wnt_20170322,wnt_20170322,2_initial_state,10,30,0.018
wnt_20170322,wnt_20170322,3_fixpoint,10,30,3.177723
wnt_20170322,wnt_20170322,1_initialization,1,40,2.382317
wnt_20170322,wnt_20170322,2_initial_state,1,40,0.015809
wnt_20170322,wnt_20170322,3_fixpoint,1,40,3.630759
wnt_20170322,wnt_20170322,1_initialization,2,40,2.392584
wnt_20170322,wnt_20170322,2_initial_state,2,40,0.017955
wnt_20170322,wnt_20170322,3_fixpoint,2,40,2.27723
wnt_20170322,wnt_20170322,1_initialization,3,40,2.392763
wnt_20170322,wnt_20170322,2_initial_state,3,40,0.01746
wnt_20170322,wnt_20170322,3_fixpoint,3,40,1.873816
wnt_20170322,wnt_20170322,1_initialization,4,40,2.408232
wnt_20170322,wnt_20170322,2_initial_state,4,40,0.018345
wnt_20170322,wnt_20170322,3_fixpoint,4,40,2.489506
wnt_20170322,wnt_20170322,1_initialization,5,40,2.40068
wnt_20170322,wnt_20170322,2_initial_state,5,40,0.017773
wnt_20170322,wnt_20170322,3_fixpoint,5,40,1.93185
wnt_20170322,wnt_20170322,1_initialization,6,40,2.399702
wnt_20170322,wnt_20170322,2_initial_state,6,40,0.017745
wnt_20170322,wnt_20170322,3_fixpoint,6,40,2.17351
wnt_20170322,wnt_20170322,1_initialization,7,40,2.397225
wnt_20170322,wnt_20170322,2_initial_state,7,40,0.017651
wnt_20170322,wnt_20170322,3_fixpoint,7,40,1.872874
wnt_20170322,wnt_20170322,1_initialization,8,40,2.404666
wnt_20170322,wnt_20170322,2_initial_state,8,40,0.018041
wnt_20170322,wnt_20170322,3_fixpoint,8,40,2.209843
wnt_20170322,wnt_20170322,1_initialization,9,40,2.388399
wnt_20170322,wnt_20170322,2_initial_state,9,40,0.017597
wnt_20170322,wnt_20170322,3_fixpoint,9,40,4.199209
wnt_20170322,wnt_20170322,1_initialization,10,40,2.398531
wnt_20170322,wnt_20170322,2_initial_state,10,40,0.016167
wnt_20170322,wnt_20170322,3_fixpoint,10,40,2.213279
wnt_20170322,wnt_20170322,1_initialization,1,50,2.402736
wnt_20170322,wnt_20170322,2_initial_state,1,50,0.017368
wnt_20170322,wnt_20170322,3_fixpoint,1,50,2.266538
wnt_20170322,wnt_20170322,1_initialization,2,50,2.39291
wnt_20170322,wnt_20170322,2_initial_state,2,50,0.017996
wnt_20170322,wnt_20170322,3_fixpoint,2,50,2.345114
wnt_20170322,wnt_20170322,1_initialization,3,50,2.395199
wnt_20170322,wnt_20170322,2_initial_state,3,50,0.018297
wnt_20170322,wnt_20170322,3_fixpoint,3,50,2.391809
wnt_20170322,wnt_20170322,1_initialization,4,50,2.396409
wnt_20170322,wnt_20170322,2_initial_state,4,50,0.018097
wnt_20170322,wnt_20170322,3_fixpoint,4,50,2.097338
wnt_20170322,wnt_20170322,1_initialization,5,50,2.383791
wnt_20170322,wnt_20170322,2_initial_state,5,50,0.016158
wnt_20170322,wnt_20170322,3_fixpoint,5,50,2.393386
wnt_20170322,wnt_20170322,1_initialization,6,50,2.384713
wnt_20170322,wnt_20170322,2_initial_state,6,50,0.018341
wnt_20170322,wnt_20170322,3_fixpoint,6,50,2.162132
wnt_20170322,wnt_20170322,1_initialization,7,50,2.455668
wnt_20170322,wnt_20170322,2_initial_state,7,50,0.017506
wnt_20170322,wnt_20170322,3_fixpoint,7,50,2.52071
wnt_20170322,wnt_20170322,1_initialization,8,50,2.395471
wnt_20170322,wnt_20170322,2_initial_state,8,50,0.017764
wnt_20170322,wnt_20170322,3_fixpoint,8,50,2.265838
wnt_20170322,wnt_20170322,1_initialization,9,50,2.392348
wnt_20170322,wnt_20170322,2_initial_state,9,50,0.017669
wnt_20170322,wnt_20170322,3_fixpoint,9,50,1.96958
wnt_20170322,wnt_20170322,1_initialization,10,50,2.391311
wnt_20170322,wnt_20170322,2_initial_state,10,50,0.017903
wnt_20170322,wnt_20170322,3_fixpoint,10,50,2.050961
wnt_20170322,wnt_20170322,1_initialization,1,60,2.436412
wnt_20170322,wnt_20170322,2_initial_state,1,60,0.017819
wnt_20170322,wnt_20170322,3_fixpoint,1,60,4.414193
wnt_20170322,wnt_20170322,1_initialization,2,60,2.383459
wnt_20170322,wnt_20170322,2_initial_state,2,60,0.017182
wnt_20170322,wnt_20170322,3_fixpoint,2,60,2.26624
wnt_20170322,wnt_20170322,1_initialization,3,60,2.398058
wnt_20170322,wnt_20170322,2_initial_state,3,60,0.018022
wnt_20170322,wnt_20170322,3_fixpoint,3,60,2.351678
wnt_20170322,wnt_20170322,1_initialization,4,60,2.394839
wnt_20170322,wnt_20170322,2_initial_state,4,60,0.018698
wnt_20170322,wnt_20170322,3_fixpoint,4,60,2.285831
wnt_20170322,wnt_20170322,1_initialization,5,60,2.401924
wnt_20170322,wnt_20170322,2_initial_state,5,60,0.0177
wnt_20170322,wnt_20170322,3_fixpoint,5,60,2.936752
wnt_20170322,wnt_20170322,1_initialization,6,60,2.381396
wnt_20170322,wnt_20170322,2_initial_state,6,60,0.01605
wnt_20170322,wnt_20170322,3_fixpoint,6,60,2.270536
wnt_20170322,wnt_20170322,1_initialization,7,60,2.402765
wnt_20170322,wnt_20170322,2_initial_state,7,60,0.018091
wnt_20170322,wnt_20170322,3_fixpoint,7,60,2.303504
wnt_20170322,wnt_20170322,1_initialization,8,60,2.300094
wnt_20170322,wnt_20170322,2_initial_state,8,60,0.018052
wnt_20170322,wnt_20170322,3_fixpoint,8,60,4.174963
wnt_20170322,wnt_20170322,1_initialization,9,60,2.38563
wnt_20170322,wnt_20170322,2_initial_state,9,60,0.01595
wnt_20170322,wnt_20170322,3_fixpoint,9,60,3.872752
wnt_20170322,wnt_20170322,1_initialization,10,60,2.403148
wnt_20170322,wnt_20170322,2_initial_state,10,60,0.016588
wnt_20170322,wnt_20170322,3_fixpoint,10,60,2.633176
wnt_20170322,wnt_20170322,1_initialization,1,70,2.392159
wnt_20170322,wnt_20170322,2_initial_state,1,70,0.01761
wnt_20170322,wnt_20170322,3_fixpoint,1,70,2.912167
wnt_20170322,wnt_20170322,1_initialization,2,70,2.393874
wnt_20170322,wnt_20170322,2_initial_state,2,70,0.016393
wnt_20170322,wnt_20170322,3_fixpoint,2,70,5.193267
wnt_20170322,wnt_20170322,1_initialization,3,70,2.386505
wnt_20170322,wnt_20170322,2_initial_state,3,70,0.018076
wnt_20170322,wnt_20170322,3_fixpoint,3,70,4.050704
wnt_20170322,wnt_20170322,1_initialization,4,70,2.408978
wnt_20170322,wnt_20170322,2_initial_state,4,70,0.017062
wnt_20170322,wnt_20170322,3_fixpoint,4,70,3.886937
wnt_20170322,wnt_20170322,1_initialization,5,70,2.399125
wnt_20170322,wnt_20170322,2_initial_state,5,70,0.017686
wnt_20170322,wnt_20170322,3_fixpoint,5,70,2.683562
wnt_20170322,wnt_20170322,1_initialization,6,70,2.380371
wnt_20170322,wnt_20170322,2_initial_state,6,70,0.017785
wnt_20170322,wnt_20170322,3_fixpoint,6,70,2.259807
wnt_20170322,wnt_20170322,1_initialization,7,70,2.396248
wnt_20170322,wnt_20170322,2_initial_state,7,70,0.017975
wnt_20170322,wnt_20170322,3_fixpoint,7,70,2.520181
wnt_20170322,wnt_20170322,1_initialization,8,70,2.377364
wnt_20170322,wnt_20170322,2_initial_state,8,70,0.017763
wnt_20170322,wnt_20170322,3_fixpoint,8,70,4.696626
wnt_20170322,wnt_20170322,1_initialization,9,70,2.387354
wnt_20170322,wnt_20170322,2_initial_state,9,70,0.01772
wnt_20170322,wnt_20170322,3_fixpoint,9,70,3.072017
wnt_20170322,wnt_20170322,1_initialization,10,70,2.4014
wnt_20170322,wnt_20170322,2_initial_state,10,70,0.017898
wnt_20170322,wnt_20170322,3_fixpoint,10,70,2.853414
wnt_20170322,wnt_20170322,1_initialization,1,80,2.381171
wnt_20170322,wnt_20170322,2_initial_state,1,80,0.016599
wnt_20170322,wnt_20170322,3_fixpoint,1,80,5.529176
wnt_20170322,wnt_20170322,1_initialization,2,80,2.394334
wnt_20170322,wnt_20170322,2_initial_state,2,80,0.017506
wnt_20170322,wnt_20170322,3_fixpoint,2,80,9.151167
wnt_20170322,wnt_20170322,1_initialization,3,80,2.399939
wnt_20170322,wnt_20170322,2_initial_state,3,80,0.017814
wnt_20170322,wnt_20170322,3_fixpoint,3,80,2.887746
wnt_20170322,wnt_20170322,1_initialization,4,80,2.428
wnt_20170322,wnt_20170322,2_initial_state,4,80,0.017565
wnt_20170322,wnt_20170322,3_fixpoint,4,80,2.566579
wnt_20170322,wnt_20170322,1_initialization,5,80,2.399318
wnt_20170322,wnt_20170322,2_initial_state,5,80,0.017882
wnt_20170322,wnt_20170322,3_fixpoint,5,80,10.451666
wnt_20170322,wnt_20170322,1_initialization,6,80,2.404302
wnt_20170322,wnt_20170322,2_initial_state,6,80,0.018151
wnt_20170322,wnt_20170322,3_fixpoint,6,80,4.531297
wnt_20170322,wnt_20170322,1_initialization,7,80,2.40012
wnt_20170322,wnt_20170322,2_initial_state,7,80,0.017693
wnt_20170322,wnt_20170322,3_fixpoint,7,80,4.034917
wnt_20170322,wnt_20170322,1_initialization,8,80,2.39909
wnt_20170322,wnt_20170322,2_initial_state,8,80,0.017709
wnt_20170322,wnt_20170322,3_fixpoint,8,80,5.991525
wnt_20170322,wnt_20170322,1_initialization,9,80,2.383269
wnt_20170322,wnt_20170322,2_initial_state,9,80,0.0171
wnt_20170322,wnt_20170322,3_fixpoint,9,80,10.933195
wnt_20170322,wnt_20170322,1_initialization,10,80,2.388348
wnt_20170322,wnt_20170322,2_initial_state,10,80,0.017726
wnt_20170322,wnt_20170322,3_fixpoint,10,80,8.874868
korkut_20170113,korkut_20170113,1_initialization,1,0,3.45686
korkut_20170113,korkut_20170113,2_initial_state,1,0,0.012972
korkut_20170113,korkut_20170113,3_fixpoint,1,0,0.059638
korkut_20170113,korkut_20170113,1_initialization,2,0,3.436571
korkut_20170113,korkut_20170113,2_initial_state,2,0,0.013913
korkut_20170113,korkut_20170113,3_fixpoint,2,0,0.058532
korkut_20170113,korkut_20170113,1_initialization,3,0,3.46248
korkut_20170113,korkut_20170113,2_initial_state,3,0,0.011565
korkut_20170113,korkut_20170113,3_fixpoint,3,0,0.056663
korkut_20170113,korkut_20170113,1_initialization,4,0,3.481239
korkut_20170113,korkut_20170113,2_initial_state,4,0,0.013629
korkut_20170113,korkut_20170113,3_fixpoint,4,0,0.058097
korkut_20170113,korkut_20170113,1_initialization,5,0,3.468267
korkut_20170113,korkut_20170113,2_initial_state,5,0,0.013736
korkut_20170113,korkut_20170113,3_fixpoint,5,0,0.057665
korkut_20170113,korkut_20170113,1_initialization,6,0,3.457518
korkut_20170113,korkut_20170113,2_initial_state,6,0,0.013738
korkut_20170113,korkut_20170113,3_fixpoint,6,0,0.058503
korkut_20170113,korkut_20170113,1_initialization,7,0,3.515847
korkut_20170113,korkut_20170113,2_initial_state,7,0,0.014224
korkut_20170113,korkut_20170113,3_fixpoint,7,0,0.058984
korkut_20170113,korkut_20170113,1_initialization,8,0,3.482342
korkut_20170113,korkut_20170113,2_initial_state,8,0,0.013495
korkut_20170113,korkut_20170113,3_fixpoint,8,0,0.057753
korkut_20170113,korkut_20170113,1_initialization,9,0,3.470959
korkut_20170113,korkut_20170113,2_initial_state,9,0,0.012854
korkut_20170113,korkut_20170113,3_fixpoint,9,0,0.059732
korkut_20170113,korkut_20170113,1_initialization,10,0,3.482947
korkut_20170113,korkut_20170113,2_initial_state,10,0,0.013738
korkut_20170113,korkut_20170113,3_fixpoint,10,0,0.057899
korkut_20170113,korkut_20170113,1_initialization,1,10,3.475941
korkut_20170113,korkut_20170113,2_initial_state,1,10,0.013397
korkut_20170113,korkut_20170113,3_fixpoint,1,10,0.0728
korkut_20170113,korkut_20170113,1_initialization,2,10,3.500652
korkut_20170113,korkut_20170113,2_initial_state,2,10,0.012723
korkut_20170113,korkut_20170113,3_fixpoint,2,10,0.074447
korkut_20170113,korkut_20170113,1_initialization,3,10,3.454698
korkut_20170113,korkut_20170113,2_initial_state,3,10,0.013962
korkut_20170113,korkut_20170113,3_fixpoint,3,10,0.073267
korkut_20170113,korkut_20170113,1_initialization,4,10,3.45362
korkut_20170113,korkut_20170113,2_initial_state,4,10,0.013625
korkut_20170113,korkut_20170113,3_fixpoint,4,10,0.073786
korkut_20170113,korkut_20170113,1_initialization,5,10,3.476717
korkut_20170113,korkut_20170113,2_initial_state,5,10,0.013598
korkut_20170113,korkut_20170113,3_fixpoint,5,10,0.073827
korkut_20170113,korkut_20170113,1_initialization,6,10,3.446478
korkut_20170113,korkut_20170113,2_initial_state,6,10,0.012986
korkut_20170113,korkut_20170113,3_fixpoint,6,10,0.074645
korkut_20170113,korkut_20170113,1_initialization,7,10,3.505544
korkut_20170113,korkut_20170113,2_initial_state,7,10,0.014729
korkut_20170113,korkut_20170113,3_fixpoint,7,10,0.075096
korkut_20170113,korkut_20170113,1_initialization,8,10,3.48602
korkut_20170113,korkut_20170113,2_initial_state,8,10,0.013785
korkut_20170113,korkut_20170113,3_fixpoint,8,10,0.074235
korkut_20170113,korkut_20170113,1_initialization,9,10,3.478352
korkut_20170113,korkut_20170113,2_initial_state,9,10,0.013383
korkut_20170113,korkut_20170113,3_fixpoint,9,10,0.076568
korkut_20170113,korkut_20170113,1_initialization,10,10,3.492851
korkut_20170113,korkut_20170113,2_initial_state,10,10,0.013263
korkut_20170113,korkut_20170113,3_fixpoint,10,10,0.076687
korkut_20170113,korkut_20170113,1_initialization,1,20,3.51645
korkut_20170113,korkut_20170113,2_initial_state,1,20,0.012728
korkut_20170113,korkut_20170113,3_fixpoint,1,20,0.093951
korkut_20170113,korkut_20170113,1_initialization,2,20,3.477629
korkut_20170113,korkut_20170113,2_initial_state,2,20,0.012975
korkut_20170113,korkut_20170113,3_fixpoint,2,20,0.088623
korkut_20170113,korkut_20170113,1_initialization,3,20,3.438297
korkut_20170113,korkut_20170113,2_initial_state,3,20,0.015326
korkut_20170113,korkut_20170113,3_fixpoint,3,20,0.090882
korkut_20170113,korkut_20170113,1_initialization,4,20,3.483749
korkut_20170113,korkut_20170113,2_initial_state,4,20,0.014192
korkut_20170113,korkut_20170113,3_fixpoint,4,20,0.087065
korkut_20170113,korkut_20170113,1_initialization,5,20,3.574004
korkut_20170113,korkut_20170113,2_initial_state,5,20,0.014681
korkut_20170113,korkut_20170113,3_fixpoint,5,20,0.093097
korkut_20170113,korkut_20170113,1_initialization,6,20,3.509034
korkut_20170113,korkut_20170113,2_initial_state,6,20,0.013429
korkut_20170113,korkut_20170113,3_fixpoint,6,20,0.09078
korkut_20170113,korkut_20170113,1_initialization,7,20,3.523758
korkut_20170113,korkut_20170113,2_initial_state,7,20,0.013562
korkut_20170113,korkut_20170113,3_fixpoint,7,20,0.088905
korkut_20170113,korkut_20170113,1_initialization,8,20,3.542247
korkut_20170113,korkut_20170113,2_initial_state,8,20,0.012926
korkut_20170113,korkut_20170113,3_fixpoint,8,20,0.09149
korkut_20170113,korkut_20170113,1_initialization,9,20,3.496402
korkut_20170113,korkut_20170113,2_initial_state,9,20,0.013101
korkut_20170113,korkut_20170113,3_fixpoint,9,20,0.0885
korkut_20170113,korkut_20170113,1_initialization,10,20,3.50902
korkut_20170113,korkut_20170113,2_initial_state,10,20,0.013834
korkut_20170113,korkut_20170113,3_fixpoint,10,20,0.087977
korkut_20170113,korkut_20170113,1_initialization,1,30,3.525
korkut_20170113,korkut_20170113,2_initial_state,1,30,0.013337
korkut_20170113,korkut_20170113,3_fixpoint,1,30,0.109471
korkut_20170113,korkut_20170113,1_initialization,2,30,3.551064
korkut_20170113,korkut_20170113,2_initial_state,2,30,0.012034
korkut_20170113,korkut_20170113,3_fixpoint,2,30,0.109241
korkut_20170113,korkut_20170113,1_initialization,3,30,3.53417
korkut_20170113,korkut_20170113,2_initial_state,3,30,0.013313
korkut_20170113,korkut_20170113,3_fixpoint,3,30,0.106925
korkut_20170113,korkut_20170113,1_initialization,4,30,3.501594
korkut_20170113,korkut_20170113,2_initial_state,4,30,0.012739
korkut_20170113,korkut_20170113,3_fixpoint,4,30,0.103846
korkut_20170113,korkut_20170113,1_initialization,5,30,3.578015
korkut_20170113,korkut_20170113,2_initial_state,5,30,0.013161
korkut_20170113,korkut_20170113,3_fixpoint,5,30,0.106925
korkut_20170113,korkut_20170113,1_initialization,6,30,3.505846
korkut_20170113,korkut_20170113,2_initial_state,6,30,0.012882
korkut_20170113,korkut_20170113,3_fixpoint,6,30,0.101186
korkut_20170113,korkut_20170113,1_initialization,7,30,3.5752
korkut_20170113,korkut_20170113,2_initial_state,7,30,0.012946
korkut_20170113,korkut_20170113,3_fixpoint,7,30,0.10826
korkut_20170113,korkut_20170113,1_initialization,8,30,3.515055
korkut_20170113,korkut_20170113,2_initial_state,8,30,0.013254
korkut_20170113,korkut_20170113,3_fixpoint,8,30,0.109795
korkut_20170113,korkut_20170113,1_initialization,9,30,3.508177
korkut_20170113,korkut_20170113,2_initial_state,9,30,0.013701
korkut_20170113,korkut_20170113,3_fixpoint,9,30,0.104396
korkut_20170113,korkut_20170113,1_initialization,10,30,3.554167
korkut_20170113,korkut_20170113,2_initial_state,10,30,0.015414
korkut_20170113,korkut_20170113,3_fixpoint,10,30,0.109146
korkut_20170113,korkut_20170113,1_initialization,1,40,3.49039
korkut_20170113,korkut_20170113,2_initial_state,1,40,0.01185
korkut_20170113,korkut_20170113,3_fixpoint,1,40,0.122923
korkut_20170113,korkut_20170113,1_initialization,2,40,3.53806
korkut_20170113,korkut_20170113,2_initial_state,2,40,0.013087
korkut_20170113,korkut_20170113,3_fixpoint,2,40,0.126124
korkut_20170113,korkut_20170113,1_initialization,3,40,3.477723
korkut_20170113,korkut_20170113,2_initial_state,3,40,0.015293
korkut_20170113,korkut_20170113,3_fixpoint,3,40,0.127391
korkut_20170113,korkut_20170113,1_initialization,4,40,3.577577
korkut_20170113,korkut_20170113,2_initial_state,4,40,0.011834
korkut_20170113,korkut_20170113,3_fixpoint,4,40,0.125656
korkut_20170113,korkut_20170113,1_initialization,5,40,3.515293
korkut_20170113,korkut_20170113,2_initial_state,5,40,0.013185
korkut_20170113,korkut_20170113,3_fixpoint,5,40,0.125232
korkut_20170113,korkut_20170113,1_initialization,6,40,3.512671
korkut_20170113,korkut_20170113,2_initial_state,6,40,0.012999
korkut_20170113,korkut_20170113,3_fixpoint,6,40,0.122634
korkut_20170113,korkut_20170113,1_initialization,7,40,3.52647
korkut_20170113,korkut_20170113,2_initial_state,7,40,0.012642
korkut_20170113,korkut_20170113,3_fixpoint,7,40,0.127985
korkut_20170113,korkut_20170113,1_initialization,8,40,3.490008
korkut_20170113,korkut_20170113,2_initial_state,8,40,0.011921
korkut_20170113,korkut_20170113,3_fixpoint,8,40,0.124375
korkut_20170113,korkut_20170113,1_initialization,9,40,3.572078
korkut_20170113,korkut_20170113,2_initial_state,9,40,0.01535
korkut_20170113,korkut_20170113,3_fixpoint,9,40,0.122125
korkut_20170113,korkut_20170113,1_initialization,10,40,3.515041
korkut_20170113,korkut_20170113,2_initial_state,10,40,0.013048
korkut_20170113,korkut_20170113,3_fixpoint,10,40,0.127423
korkut_20170113,korkut_20170113,1_initialization,1,50,3.529178
korkut_20170113,korkut_20170113,2_initial_state,1,50,0.012494
korkut_20170113,korkut_20170113,3_fixpoint,1,50,0.141692
korkut_20170113,korkut_20170113,1_initialization,2,50,3.510552
korkut_20170113,korkut_20170113,2_initial_state,2,50,0.012445
korkut_20170113,korkut_20170113,3_fixpoint,2,50,0.141998
korkut_20170113,korkut_20170113,1_initialization,3,50,3.516723
korkut_20170113,korkut_20170113,2_initial_state,3,50,0.011845
korkut_20170113,korkut_20170113,3_fixpoint,3,50,0.141638
korkut_20170113,korkut_20170113,1_initialization,4,50,3.552091
korkut_20170113,korkut_20170113,2_initial_state,4,50,0.012356
korkut_20170113,korkut_20170113,3_fixpoint,4,50,0.147141
korkut_20170113,korkut_20170113,1_initialization,5,50,3.494713
korkut_20170113,korkut_20170113,2_initial_state,5,50,0.013777
korkut_20170113,korkut_20170113,3_fixpoint,5,50,0.150836
korkut_20170113,korkut_20170113,1_initialization,6,50,3.570125
korkut_20170113,korkut_20170113,2_initial_state,6,50,0.013864
korkut_20170113,korkut_20170113,3_fixpoint,6,50,0.147221
korkut_20170113,korkut_20170113,1_initialization,7,50,3.518321
korkut_20170113,korkut_20170113,2_initial_state,7,50,0.014501
korkut_20170113,korkut_20170113,3_fixpoint,7,50,0.149212
korkut_20170113,korkut_20170113,1_initialization,8,50,3.528209
korkut_20170113,korkut_20170113,2_initial_state,8,50,0.012941
korkut_20170113,korkut_20170113,3_fixpoint,8,50,0.142748
korkut_20170113,korkut_20170113,1_initialization,9,50,3.528208
korkut_20170113,korkut_20170113,2_initial_state,9,50,0.013796
korkut_20170113,korkut_20170113,3_fixpoint,9,50,0.14773
korkut_20170113,korkut_20170113,1_initialization,10,50,3.488848
korkut_20170113,korkut_20170113,2_initial_state,10,50,0.013091
korkut_20170113,korkut_20170113,3_fixpoint,10,50,0.145717
korkut_20170113,korkut_20170113,1_initialization,1,60,3.557416
korkut_20170113,korkut_20170113,2_initial_state,1,60,0.012513
korkut_20170113,korkut_20170113,3_fixpoint,1,60,0.16929
korkut_20170113,korkut_20170113,1_initialization,2,60,3.508244
korkut_20170113,korkut_20170113,2_initial_state,2,60,0.013094
korkut_20170113,korkut_20170113,3_fixpoint,2,60,0.160471
korkut_20170113,korkut_20170113,1_initialization,3,60,3.521638
korkut_20170113,korkut_20170113,2_initial_state,3,60,0.013231
korkut_20170113,korkut_20170113,3_fixpoint,3,60,0.162975
korkut_20170113,korkut_20170113,1_initialization,4,60,3.560896
korkut_20170113,korkut_20170113,2_initial_state,4,60,0.013209
korkut_20170113,korkut_20170113,3_fixpoint,4,60,0.16491
korkut_20170113,korkut_20170113,1_initialization,5,60,3.522483
korkut_20170113,korkut_20170113,2_initial_state,5,60,0.012433
korkut_20170113,korkut_20170113,3_fixpoint,5,60,0.163646
korkut_20170113,korkut_20170113,1_initialization,6,60,3.544175
korkut_20170113,korkut_20170113,2_initial_state,6,60,0.013145
korkut_20170113,korkut_20170113,3_fixpoint,6,60,0.157211
korkut_20170113,korkut_20170113,1_initialization,7,60,3.486772
korkut_20170113,korkut_20170113,2_initial_state,7,60,0.013132
korkut_20170113,korkut_20170113,3_fixpoint,7,60,0.16769
korkut_20170113,korkut_20170113,1_initialization,8,60,3.557519
korkut_20170113,korkut_20170113,2_initial_state,8,60,0.012513
korkut_20170113,korkut_20170113,3_fixpoint,8,60,0.16474
korkut_20170113,korkut_20170113,1_initialization,9,60,3.556332
korkut_20170113,korkut_20170113,2_initial_state,9,60,0.013293
korkut_20170113,korkut_20170113,3_fixpoint,9,60,0.162855
korkut_20170113,korkut_20170113,1_initialization,10,60,3.496787
korkut_20170113,korkut_20170113,2_initial_state,10,60,0.013413
korkut_20170113,korkut_20170113,3_fixpoint,10,60,0.162767
korkut_20170113,korkut_20170113,1_initialization,1,70,3.568119
korkut_20170113,korkut_20170113,2_initial_state,1,70,0.013854
korkut_20170113,korkut_20170113,3_fixpoint,1,70,0.183799
korkut_20170113,korkut_20170113,1_initialization,2,70,3.495354
korkut_20170113,korkut_20170113,2_initial_state,2,70,0.014308
korkut_20170113,korkut_20170113,3_fixpoint,2,70,0.184879
korkut_20170113,korkut_20170113,1_initialization,3,70,3.542919
korkut_20170113,korkut_20170113,2_initial_state,3,70,0.013619
korkut_20170113,korkut_20170113,3_fixpoint,3,70,0.180009
korkut_20170113,korkut_20170113,1_initialization,4,70,3.559002
korkut_20170113,korkut_20170113,2_initial_state,4,70,0.013767
korkut_20170113,korkut_20170113,3_fixpoint,4,70,0.183378
korkut_20170113,korkut_20170113,1_initialization,5,70,3.488288
korkut_20170113,korkut_20170113,2_initial_state,5,70,0.013894
korkut_20170113,korkut_20170113,3_fixpoint,5,70,0.178472
korkut_20170113,korkut_20170113,1_initialization,6,70,3.553098
korkut_20170113,korkut_20170113,2_initial_state,6,70,0.012382
korkut_20170113,korkut_20170113,3_fixpoint,6,70,0.190923
korkut_20170113,korkut_20170113,1_initialization,7,70,3.49313
korkut_20170113,korkut_20170113,2_initial_state,7,70,0.013866
korkut_20170113,korkut_20170113,3_fixpoint,7,70,0.188857
korkut_20170113,korkut_20170113,1_initialization,8,70,3.523516
korkut_20170113,korkut_20170113,2_initial_state,8,70,0.013083
korkut_20170113,korkut_20170113,3_fixpoint,8,70,0.177924
korkut_20170113,korkut_20170113,1_initialization,9,70,3.523087
korkut_20170113,korkut_20170113,2_initial_state,9,70,0.013918
korkut_20170113,korkut_20170113,3_fixpoint,9,70,0.181125
korkut_20170113,korkut_20170113,1_initialization,10,70,3.523725
korkut_20170113,korkut_20170113,2_initial_state,10,70,0.013411
korkut_20170113,korkut_20170113,3_fixpoint,10,70,0.180432
korkut_20170113,korkut_20170113,1_initialization,1,80,3.548529
korkut_20170113,korkut_20170113,2_initial_state,1,80,0.012457
korkut_20170113,korkut_20170113,3_fixpoint,1,80,0.201363
korkut_20170113,korkut_20170113,1_initialization,2,80,3.483363
korkut_20170113,korkut_20170113,2_initial_state,2,80,0.012052
korkut_20170113,korkut_20170113,3_fixpoint,2,80,0.203064
korkut_20170113,korkut_20170113,1_initialization,3,80,3.544185
korkut_20170113,korkut_20170113,2_initial_state,3,80,0.011327
korkut_20170113,korkut_20170113,3_fixpoint,3,80,0.199033
korkut_20170113,korkut_20170113,1_initialization,4,80,3.555887
korkut_20170113,korkut_20170113,2_initial_state,4,80,0.012595
korkut_20170113,korkut_20170113,3_fixpoint,4,80,0.202461
korkut_20170113,korkut_20170113,1_initialization,5,80,3.556789
korkut_20170113,korkut_20170113,2_initial_state,5,80,0.01137
korkut_20170113,korkut_20170113,3_fixpoint,5,80,0.203056
korkut_20170113,korkut_20170113,1_initialization,6,80,3.602925
korkut_20170113,korkut_20170113,2_initial_state,6,80,0.012409
korkut_20170113,korkut_20170113,3_fixpoint,6,80,0.201712
korkut_20170113,korkut_20170113,1_initialization,7,80,3.497942
korkut_20170113,korkut_20170113,2_initial_state,7,80,0.012596
korkut_20170113,korkut_20170113,3_fixpoint,7,80,0.203435
korkut_20170113,korkut_20170113,1_initialization,8,80,3.554584
korkut_20170113,korkut_20170113,2_initial_state,8,80,0.012257
korkut_20170113,korkut_20170113,3_fixpoint,8,80,0.197985
korkut_20170113,korkut_20170113,1_initialization,9,80,3.499882
korkut_20170113,korkut_20170113,2_initial_state,9,80,0.012482
korkut_20170113,korkut_20170113,3_fixpoint,9,80,0.203385
korkut_20170113,korkut_20170113,1_initialization,10,80,3.55635
korkut_20170113,korkut_20170113,2_initial_state,10,80,0.012537
korkut_20170113,korkut_20170113,3_fixpoint,10,80,0.196379
korkut_20170206,korkut_20170206,1_initialization,1,0,14.734975
korkut_20170206,korkut_20170206,2_initial_state,1,0,0.026624
korkut_20170206,korkut_20170206,3_fixpoint,1,0,0.436387
korkut_20170206,korkut_20170206,1_initialization,2,0,14.716193
korkut_20170206,korkut_20170206,2_initial_state,2,0,0.026876
korkut_20170206,korkut_20170206,3_fixpoint,2,0,0.438997
korkut_20170206,korkut_20170206,1_initialization,3,0,14.732191
korkut_20170206,korkut_20170206,2_initial_state,3,0,0.026061
korkut_20170206,korkut_20170206,3_fixpoint,3,0,0.430011
korkut_20170206,korkut_20170206,1_initialization,4,0,14.722189
korkut_20170206,korkut_20170206,2_initial_state,4,0,0.025264
korkut_20170206,korkut_20170206,3_fixpoint,4,0,0.436195
korkut_20170206,korkut_20170206,1_initialization,5,0,14.751143
korkut_20170206,korkut_20170206,2_initial_state,5,0,0.026005
korkut_20170206,korkut_20170206,3_fixpoint,5,0,0.43878
korkut_20170206,korkut_20170206,1_initialization,6,0,14.61395
korkut_20170206,korkut_20170206,2_initial_state,6,0,0.025267
korkut_20170206,korkut_20170206,3_fixpoint,6,0,0.426701
korkut_20170206,korkut_20170206,1_initialization,7,0,14.677646
korkut_20170206,korkut_20170206,2_initial_state,7,0,0.025126
korkut_20170206,korkut_20170206,3_fixpoint,7,0,0.429769
korkut_20170206,korkut_20170206,1_initialization,8,0,14.862713
korkut_20170206,korkut_20170206,2_initial_state,8,0,0.021179
korkut_20170206,korkut_20170206,3_fixpoint,8,0,0.44286
korkut_20170206,korkut_20170206,1_initialization,9,0,14.628687
korkut_20170206,korkut_20170206,2_initial_state,9,0,0.020896
korkut_20170206,korkut_20170206,3_fixpoint,9,0,0.444668
korkut_20170206,korkut_20170206,1_initialization,10,0,14.483244
korkut_20170206,korkut_20170206,2_initial_state,10,0,0.025481
korkut_20170206,korkut_20170206,3_fixpoint,10,0,0.425742
korkut_20170206,korkut_20170206,1_initialization,1,10,14.50744
korkut_20170206,korkut_20170206,2_initial_state,1,10,0.025683
korkut_20170206,korkut_20170206,3_fixpoint,1,10,0.44908
korkut_20170206,korkut_20170206,1_initialization,2,10,14.534156
korkut_20170206,korkut_20170206,2_initial_state,2,10,0.024767
korkut_20170206,korkut_20170206,3_fixpoint,2,10,0.452723
korkut_20170206,korkut_20170206,1_initialization,3,10,13.979575
korkut_20170206,korkut_20170206,2_initial_state,3,10,0.022854
korkut_20170206,korkut_20170206,3_fixpoint,3,10,0.404083
korkut_20170206,korkut_20170206,1_initialization,4,10,14.387694
korkut_20170206,korkut_20170206,2_initial_state,4,10,0.025352
korkut_20170206,korkut_20170206,3_fixpoint,4,10,0.447885
korkut_20170206,korkut_20170206,1_initialization,5,10,14.358921
korkut_20170206,korkut_20170206,2_initial_state,5,10,0.024769
korkut_20170206,korkut_20170206,3_fixpoint,5,10,0.449516
korkut_20170206,korkut_20170206,1_initialization,6,10,14.493722
korkut_20170206,korkut_20170206,2_initial_state,6,10,0.025801
korkut_20170206,korkut_20170206,3_fixpoint,6,10,0.446015
korkut_20170206,korkut_20170206,1_initialization,7,10,14.411263
korkut_20170206,korkut_20170206,2_initial_state,7,10,0.0252
korkut_20170206,korkut_20170206,3_fixpoint,7,10,0.446516
korkut_20170206,korkut_20170206,1_initialization,8,10,14.41791
korkut_20170206,korkut_20170206,2_initial_state,8,10,0.024764
korkut_20170206,korkut_20170206,3_fixpoint,8,10,0.448511
korkut_20170206,korkut_20170206,1_initialization,9,10,14.363874
korkut_20170206,korkut_20170206,2_initial_state,9,10,0.024395
korkut_20170206,korkut_20170206,3_fixpoint,9,10,0.446853
korkut_20170206,korkut_20170206,1_initialization,10,10,14.352425
korkut_20170206,korkut_20170206,2_initial_state,10,10,0.024877
korkut_20170206,korkut_20170206,3_fixpoint,10,10,0.447287
korkut_20170206,korkut_20170206,1_initialization,1,20,14.402385
korkut_20170206,korkut_20170206,2_initial_state,1,20,0.024264
korkut_20170206,korkut_20170206,3_fixpoint,1,20,0.470235
korkut_20170206,korkut_20170206,1_initialization,2,20,14.47766
korkut_20170206,korkut_20170206,2_initial_state,2,20,0.026289
korkut_20170206,korkut_20170206,3_fixpoint,2,20,0.469257
korkut_20170206,korkut_20170206,1_initialization,3,20,14.431724
korkut_20170206,korkut_20170206,2_initial_state,3,20,0.024247
korkut_20170206,korkut_20170206,3_fixpoint,3,20,0.474382
korkut_20170206,korkut_20170206,1_initialization,4,20,14.486914
korkut_20170206,korkut_20170206,2_initial_state,4,20,0.02386
korkut_20170206,korkut_20170206,3_fixpoint,4,20,0.468286
korkut_20170206,korkut_20170206,1_initialization,5,20,14.340697
korkut_20170206,korkut_20170206,2_initial_state,5,20,0.023968
korkut_20170206,korkut_20170206,3_fixpoint,5,20,0.468628
korkut_20170206,korkut_20170206,1_initialization,6,20,14.378648
korkut_20170206,korkut_20170206,2_initial_state,6,20,0.024351
korkut_20170206,korkut_20170206,3_fixpoint,6,20,0.477917
korkut_20170206,korkut_20170206,1_initialization,7,20,14.47222
korkut_20170206,korkut_20170206,2_initial_state,7,20,0.024718
korkut_20170206,korkut_20170206,3_fixpoint,7,20,0.469323
korkut_20170206,korkut_20170206,1_initialization,8,20,14.390527
korkut_20170206,korkut_20170206,2_initial_state,8,20,0.024268
korkut_20170206,korkut_20170206,3_fixpoint,8,20,0.471352
korkut_20170206,korkut_20170206,1_initialization,9,20,14.431672
korkut_20170206,korkut_20170206,2_initial_state,9,20,0.025434
korkut_20170206,korkut_20170206,3_fixpoint,9,20,0.46607
korkut_20170206,korkut_20170206,1_initialization,10,20,14.447763
korkut_20170206,korkut_20170206,2_initial_state,10,20,0.025082
korkut_20170206,korkut_20170206,3_fixpoint,10,20,0.480704
korkut_20170206,korkut_20170206,1_initialization,1,30,14.406736
korkut_20170206,korkut_20170206,2_initial_state,1,30,0.025108
korkut_20170206,korkut_20170206,3_fixpoint,1,30,0.503243
korkut_20170206,korkut_20170206,1_initialization,2,30,14.344893
korkut_20170206,korkut_20170206,2_initial_state,2,30,0.024278
korkut_20170206,korkut_20170206,3_fixpoint,2,30,0.496668
korkut_20170206,korkut_20170206,1_initialization,3,30,14.700491
korkut_20170206,korkut_20170206,2_initial_state,3,30,0.025006
korkut_20170206,korkut_20170206,3_fixpoint,3,30,0.508434
korkut_20170206,korkut_20170206,1_initialization,4,30,14.363349
korkut_20170206,korkut_20170206,2_initial_state,4,30,0.024667
korkut_20170206,korkut_20170206,3_fixpoint,4,30,0.499819
korkut_20170206,korkut_20170206,1_initialization,5,30,14.420631
korkut_20170206,korkut_20170206,2_initial_state,5,30,0.023505
korkut_20170206,korkut_20170206,3_fixpoint,5,30,0.501668
korkut_20170206,korkut_20170206,1_initialization,6,30,14.502492
korkut_20170206,korkut_20170206,2_initial_state,6,30,0.02403
korkut_20170206,korkut_20170206,3_fixpoint,6,30,0.511557
korkut_20170206,korkut_20170206,1_initialization,7,30,14.447538
korkut_20170206,korkut_20170206,2_initial_state,7,30,0.026146
korkut_20170206,korkut_20170206,3_fixpoint,7,30,0.496147
korkut_20170206,korkut_20170206,1_initialization,8,30,14.514383
korkut_20170206,korkut_20170206,2_initial_state,8,30,0.024005
korkut_20170206,korkut_20170206,3_fixpoint,8,30,0.519219
korkut_20170206,korkut_20170206,1_initialization,9,30,14.549537
korkut_20170206,korkut_20170206,2_initial_state,9,30,0.024505
korkut_20170206,korkut_20170206,3_fixpoint,9,30,0.509734
korkut_20170206,korkut_20170206,1_initialization,10,30,14.654551
korkut_20170206,korkut_20170206,2_initial_state,10,30,0.026309
korkut_20170206,korkut_20170206,3_fixpoint,10,30,0.515482
korkut_20170206,korkut_20170206,1_initialization,1,40,14.874003
korkut_20170206,korkut_20170206,2_initial_state,1,40,0.026063
korkut_20170206,korkut_20170206,3_fixpoint,1,40,0.531469
korkut_20170206,korkut_20170206,1_initialization,2,40,14.779179
korkut_20170206,korkut_20170206,2_initial_state,2,40,0.025719
korkut_20170206,korkut_20170206,3_fixpoint,2,40,0.537886
korkut_20170206,korkut_20170206,1_initialization,3,40,14.850232
korkut_20170206,korkut_20170206,2_initial_state,3,40,0.02562
korkut_20170206,korkut_20170206,3_fixpoint,3,40,0.563739
korkut_20170206,korkut_20170206,1_initialization,4,40,14.674891
korkut_20170206,korkut_20170206,2_initial_state,4,40,0.025375
korkut_20170206,korkut_20170206,3_fixpoint,4,40,0.552146
korkut_20170206,korkut_20170206,1_initialization,5,40,14.752131
korkut_20170206,korkut_20170206,2_initial_state,5,40,0.023798
korkut_20170206,korkut_20170206,3_fixpoint,5,40,0.548637
korkut_20170206,korkut_20170206,1_initialization,6,40,14.776941
korkut_20170206,korkut_20170206,2_initial_state,6,40,0.024131
korkut_20170206,korkut_20170206,3_fixpoint,6,40,0.540666
korkut_20170206,korkut_20170206,1_initialization,7,40,14.553122
korkut_20170206,korkut_20170206,2_initial_state,7,40,0.026212
korkut_20170206,korkut_20170206,3_fixpoint,7,40,0.551796
korkut_20170206,korkut_20170206,1_initialization,8,40,14.736283
korkut_20170206,korkut_20170206,2_initial_state,8,40,0.023673
korkut_20170206,korkut_20170206,3_fixpoint,8,40,0.551652
korkut_20170206,korkut_20170206,1_initialization,9,40,14.602567
korkut_20170206,korkut_20170206,2_initial_state,9,40,0.027004
korkut_20170206,korkut_20170206,3_fixpoint,9,40,0.532534
korkut_20170206,korkut_20170206,1_initialization,10,40,14.775322
korkut_20170206,korkut_20170206,2_initial_state,10,40,0.024144
korkut_20170206,korkut_20170206,3_fixpoint,10,40,0.564608
korkut_20170206,korkut_20170206,1_initialization,1,50,14.700852
korkut_20170206,korkut_20170206,2_initial_state,1,50,0.026044
korkut_20170206,korkut_20170206,3_fixpoint,1,50,0.591449
korkut_20170206,korkut_20170206,1_initialization,2,50,14.757507
korkut_20170206,korkut_20170206,2_initial_state,2,50,0.025832
korkut_20170206,korkut_20170206,3_fixpoint,2,50,0.574115
korkut_20170206,korkut_20170206,1_initialization,3,50,14.731979
korkut_20170206,korkut_20170206,2_initial_state,3,50,0.024788
korkut_20170206,korkut_20170206,3_fixpoint,3,50,0.589145
korkut_20170206,korkut_20170206,1_initialization,4,50,14.740752
korkut_20170206,korkut_20170206,2_initial_state,4,50,0.023438
korkut_20170206,korkut_20170206,3_fixpoint,4,50,0.591649
korkut_20170206,korkut_20170206,1_initialization,5,50,14.74649
korkut_20170206,korkut_20170206,2_initial_state,5,50,0.020939
korkut_20170206,korkut_20170206,3_fixpoint,5,50,0.584494
korkut_20170206,korkut_20170206,1_initialization,6,50,14.660997
korkut_20170206,korkut_20170206,2_initial_state,6,50,0.024819
korkut_20170206,korkut_20170206,3_fixpoint,6,50,0.585818
korkut_20170206,korkut_20170206,1_initialization,7,50,14.786407
korkut_20170206,korkut_20170206,2_initial_state,7,50,0.025707
korkut_20170206,korkut_20170206,3_fixpoint,7,50,0.577683
korkut_20170206,korkut_20170206,1_initialization,8,50,15.011298
korkut_20170206,korkut_20170206,2_initial_state,8,50,0.022424
korkut_20170206,korkut_20170206,3_fixpoint,8,50,0.577506
korkut_20170206,korkut_20170206,1_initialization,9,50,14.509629
korkut_20170206,korkut_20170206,2_initial_state,9,50,0.024225
korkut_20170206,korkut_20170206,3_fixpoint,9,50,0.560992
korkut_20170206,korkut_20170206,1_initialization,10,50,14.880293
korkut_20170206,korkut_20170206,2_initial_state,10,50,0.024603
korkut_20170206,korkut_20170206,3_fixpoint,10,50,0.587656
korkut_20170206,korkut_20170206,1_initialization,1,60,14.782881
korkut_20170206,korkut_20170206,2_initial_state,1,60,0.025025
korkut_20170206,korkut_20170206,3_fixpoint,1,60,0.623454
korkut_20170206,korkut_20170206,1_initialization,2,60,14.580879
korkut_20170206,korkut_20170206,2_initial_state,2,60,0.023381
korkut_20170206,korkut_20170206,3_fixpoint,2,60,0.617206
korkut_20170206,korkut_20170206,1_initialization,3,60,14.674827
korkut_20170206,korkut_20170206,2_initial_state,3,60,0.024266
korkut_20170206,korkut_20170206,3_fixpoint,3,60,0.629859
korkut_20170206,korkut_20170206,1_initialization,4,60,14.70318
korkut_20170206,korkut_20170206,2_initial_state,4,60,0.025019
korkut_20170206,korkut_20170206,3_fixpoint,4,60,0.629107
korkut_20170206,korkut_20170206,1_initialization,5,60,14.620884
korkut_20170206,korkut_20170206,2_initial_state,5,60,0.024395
korkut_20170206,korkut_20170206,3_fixpoint,5,60,0.591981
korkut_20170206,korkut_20170206,1_initialization,6,60,14.500433
korkut_20170206,korkut_20170206,2_initial_state,6,60,0.023813
korkut_20170206,korkut_20170206,3_fixpoint,6,60,0.6089
korkut_20170206,korkut_20170206,1_initialization,7,60,14.454241
korkut_20170206,korkut_20170206,2_initial_state,7,60,0.024634
korkut_20170206,korkut_20170206,3_fixpoint,7,60,0.603915
korkut_20170206,korkut_20170206,1_initialization,8,60,14.4895
korkut_20170206,korkut_20170206,2_initial_state,8,60,0.027198
korkut_20170206,korkut_20170206,3_fixpoint,8,60,0.58996
korkut_20170206,korkut_20170206,1_initialization,9,60,14.3519
korkut_20170206,korkut_20170206,2_initial_state,9,60,0.023982
korkut_20170206,korkut_20170206,3_fixpoint,9,60,0.608459
korkut_20170206,korkut_20170206,1_initialization,10,60,14.440977
korkut_20170206,korkut_20170206,2_initial_state,10,60,0.023891
korkut_20170206,korkut_20170206,3_fixpoint,10,60,0.610557
korkut_20170206,korkut_20170206,1_initialization,1,70,13.769944
korkut_20170206,korkut_20170206,2_initial_state,1,70,0.019618
korkut_20170206,korkut_20170206,3_fixpoint,1,70,0.585837
korkut_20170206,korkut_20170206,1_initialization,2,70,13.017375
korkut_20170206,korkut_20170206,2_initial_state,2,70,0.021469
korkut_20170206,korkut_20170206,3_fixpoint,2,70,0.587193
korkut_20170206,korkut_20170206,1_initialization,3,70,12.86974
korkut_20170206,korkut_20170206,2_initial_state,3,70,0.02039
korkut_20170206,korkut_20170206,3_fixpoint,3,70,0.579953
korkut_20170206,korkut_20170206,1_initialization,4,70,12.838217
korkut_20170206,korkut_20170206,2_initial_state,4,70,0.020061
korkut_20170206,korkut_20170206,3_fixpoint,4,70,0.586239
korkut_20170206,korkut_20170206,1_initialization,5,70,12.931158
korkut_20170206,korkut_20170206,2_initial_state,5,70,0.02004
korkut_20170206,korkut_20170206,3_fixpoint,5,70,0.581212
korkut_20170206,korkut_20170206,1_initialization,6,70,12.817876
korkut_20170206,korkut_20170206,2_initial_state,6,70,0.02326
korkut_20170206,korkut_20170206,3_fixpoint,6,70,0.570565
korkut_20170206,korkut_20170206,1_initialization,7,70,12.819062
korkut_20170206,korkut_20170206,2_initial_state,7,70,0.019667
korkut_20170206,korkut_20170206,3_fixpoint,7,70,0.584703
korkut_20170206,korkut_20170206,1_initialization,8,70,12.795045
korkut_20170206,korkut_20170206,2_initial_state,8,70,0.021467
korkut_20170206,korkut_20170206,3_fixpoint,8,70,0.581906
korkut_20170206,korkut_20170206,1_initialization,9,70,12.782958
korkut_20170206,korkut_20170206,2_initial_state,9,70,0.022053
korkut_20170206,korkut_20170206,3_fixpoint,9,70,0.574233
korkut_20170206,korkut_20170206,1_initialization,10,70,12.798865
korkut_20170206,korkut_20170206,2_initial_state,10,70,0.021671
korkut_20170206,korkut_20170206,3_fixpoint,10,70,0.576909
korkut_20170206,korkut_20170206,1_initialization,1,80,12.79964
korkut_20170206,korkut_20170206,2_initial_state,1,80,0.021993
korkut_20170206,korkut_20170206,3_fixpoint,1,80,0.610269
korkut_20170206,korkut_20170206,1_initialization,2,80,12.848251
korkut_20170206,korkut_20170206,2_initial_state,2,80,0.020984
korkut_20170206,korkut_20170206,3_fixpoint,2,80,0.615203
korkut_20170206,korkut_20170206,1_initialization,3,80,12.963758
korkut_20170206,korkut_20170206,2_initial_state,3,80,0.019281
korkut_20170206,korkut_20170206,3_fixpoint,3,80,0.611936
korkut_20170206,korkut_20170206,1_initialization,4,80,12.772659
korkut_20170206,korkut_20170206,2_initial_state,4,80,0.019146
korkut_20170206,korkut_20170206,3_fixpoint,4,80,0.615136
korkut_20170206,korkut_20170206,1_initialization,5,80,12.798452
korkut_20170206,korkut_20170206,2_initial_state,5,80,0.019559
korkut_20170206,korkut_20170206,3_fixpoint,5,80,0.608038
korkut_20170206,korkut_20170206,1_initialization,6,80,12.771082
korkut_20170206,korkut_20170206,2_initial_state,6,80,0.020148
korkut_20170206,korkut_20170206,3_fixpoint,6,80,0.608475
korkut_20170206,korkut_20170206,1_initialization,7,80,12.781055
korkut_20170206,korkut_20170206,2_initial_state,7,80,0.019167
korkut_20170206,korkut_20170206,3_fixpoint,7,80,0.613444
korkut_20170206,korkut_20170206,1_initialization,8,80,12.85181
korkut_20170206,korkut_20170206,2_initial_state,8,80,0.020044
korkut_20170206,korkut_20170206,3_fixpoint,8,80,0.612029
korkut_20170206,korkut_20170206,1_initialization,9,80,12.796682
korkut_20170206,korkut_20170206,2_initial_state,9,80,0.021846
korkut_20170206,korkut_20170206,3_fixpoint,9,80,0.598622
korkut_20170206,korkut_20170206,1_initialization,10,80,12.833579
korkut_20170206,korkut_20170206,2_initial_state,10,80,0.019388
korkut_20170206,korkut_20170206,3_fixpoint,10,80,0.618423
